"E","ES2603SES00000001","Inventario para URL",1,1,2,1,2,1000,80,"CONSU-00001","CONSU-00100","","","ES"
"L","ES2603SES00000001","ES2603INV00000001",1,"ES"
"S","ES2603SES00000001","ES2603INV00000001",1000,"ES",0,0,1,"CONSU-00002","24-2766","00002","","","A","UN",1,"","","",""
"S","ES2603SES00000001","ES2603INV00000001",2000,"ES",0,0,1,"CONSU-00002","24-2766","00003","","","A","UN",1,"","","",""
"S","ES2603SES00000001","ES2603INV00000001",3000,"ES",0,0,1,"CONSU-00002","24-2766","00005","","","A","UN",1,"","","",""
"S","ES2603SES00000001","ES2603INV00000001",4000,"ES",0,0,1,"CONSU-00002","24-2766","00009","","","A","UN",1,"","","",""
"S","ES2603SES00000001","ES2603INV00000001",5000,"ES",0,0,1,"CONSU-00002","24-2766","00010","","","A","UN",1,"","","",""
"S","ES2603SES00000001","ES2603INV00000001",6000,"ES",0,0,1,"CONSU-00002","24-3179","00005","","","A","UN",1,"","","",""
"S","ES2603SES00000001","ES2603INV00000001",7000,"ES",0,0,1,"CONSU-00002","24-3179","00008","","","A","UN",1,"","","",""
"S","ES2603SES00000001","ES2603INV00000001",8000,"ES",0,0,1,"CONSU-00002","24-3832","00008","","","A","UN",1,"","","",""
"S","ES2603SES00000001","ES2603INV00000001",9000,"ES",0,0,1,"CONSU-00002","24-5039","00010","","","A","UN",1,"","","",""
"S","ES2603SES00000001","ES2603INV00000001",10000,"ES",0,0,1,"CONSU-00002","24-7295","00003","","","A","UN",1,"","","",""
"S","ES2603SES00000001","ES2603INV00000001",11000,"ES",0,0,1,"CONSU-00002","24-8629","00002","","","A","UN",1,"","","",""
"S","ES2603SES00000001","ES2603INV00000001",12000,"ES",0,0,1,"CONSU-00002","24-8629","00005","","","A","UN",1,"","","",""
"S","ES2603SES00000001","ES2603INV00000001",13000,"ES",0,0,1,"CONSU-00002","24-8904","00001","","","A","UN",1,"","","",""
"S","ES2603SES00000001","ES2603INV00000001",14000,"ES",0,0,1,"CONSU-00002","24-8904","00002","","","A","UN",1,"","","",""
"S","ES2603SES00000001","ES2603INV00000001",15000,"ES",0,0,1,"CONSU-00002","24-8904","00006","","","A","UN",1,"","","",""
"S","ES2603SES00000001","ES2603INV00000001",16000,"ES",0,0,1,"CONSU-00002","24-8904","00008","","","A","UN",1,"","","",""
"S","ES2603SES00000001","ES2603INV00000001",17000,"ES",0,0,1,"CONSU-00002","24-8904","00009","","","A","UN",1,"","","",""
"S","ES2603SES00000001","ES2603INV00000001",18000,"ES",0,0,1,"CONSU-00002","24-8904","00010","","","A","UN",1,"","","",""
"S","ES2603SES00000001","ES2603INV00000001",19000,"ES",0,0,1,"CONSU-00002","25-0100","00001","","A0303","A","UN",1,"","","",""
"S","ES2603SES00000001","ES2603INV00000001",20000,"ES",0,0,1,"CONSU-00002","25-0100","00025","","A0304","A","UN",1,"","","",""
"S","ES2603SES00000001","ES2603INV00000001",21000,"ES",0,0,1,"CONSU-00002","25-0100","00023","","A0401","A","UN",1,"","","",""
"S","ES2603SES00000001","ES2603INV00000001",22000,"ES",0,0,1,"CONSU-00002","25-0100","00030","","A0401","A","UN",1,"","","",""
"S","ES2603SES00000001","ES2603INV00000001",23000,"ES",0,0,1,"CONSU-00002","25-0100","00002","","G0102","A","UN",1,"","","",""
"S","ES2603SES00000001","ES2603INV00000001",24000,"ES",0,0,1,"CONSU-00002","25-0100","00003","","G0102","A","UN",1,"","","",""
"S","ES2603SES00000001","ES2603INV00000001",25000,"ES",0,0,1,"CONSU-00002","25-0100","00004","","G0102","A","UN",1,"","","",""
"S","ES2603SES00000001","ES2603INV00000001",26000,"ES",0,0,1,"CONSU-00002","25-0100","00005","","G0102","A","UN",1,"","","",""
"S","ES2603SES00000001","ES2603INV00000001",27000,"ES",0,0,1,"CONSU-00002","25-0100","00006","","G0102","A","UN",1,"","","",""
"S","ES2603SES00000001","ES2603INV00000001",28000,"ES",0,0,1,"CONSU-00002","25-0100","00007","","G0102","A","UN",1,"","","",""
"S","ES2603SES00000001","ES2603INV00000001",29000,"ES",0,0,1,"CONSU-00002","25-0100","00008","","G0102","A","UN",1,"","","",""
"S","ES2603SES00000001","ES2603INV00000001",30000,"ES",0,0,1,"CONSU-00002","25-0100","00009","","G0102","A","UN",1,"","","",""
"S","ES2603SES00000001","ES2603INV00000001",31000,"ES",0,0,1,"CONSU-00002","25-0100","00010","","G0102","A","UN",1,"","","",""
"S","ES2603SES00000001","ES2603INV00000001",32000,"ES",0,0,1,"CONSU-00002","25-0100","00011","","G0102","A","UN",1,"","","",""
"S","ES2603SES00000001","ES2603INV00000001",33000,"ES",0,0,1,"CONSU-00002","25-0100","00013","","G0102","A","UN",1,"","","",""
"S","ES2603SES00000001","ES2603INV00000001",34000,"ES",0,0,1,"CONSU-00002","25-0100","00014","","G0102","A","UN",1,"","","",""
"S","ES2603SES00000001","ES2603INV00000001",35000,"ES",0,0,1,"CONSU-00002","25-0100","00015","","G0102","A","UN",1,"","","",""
"S","ES2603SES00000001","ES2603INV00000001",36000,"ES",0,0,1,"CONSU-00002","25-0100","00016","","G0102","A","UN",1,"","","",""
"S","ES2603SES00000001","ES2603INV00000001",37000,"ES",0,0,1,"CONSU-00002","25-0100","00017","","G0102","A","UN",1,"","","",""
"S","ES2603SES00000001","ES2603INV00000001",38000,"ES",0,0,1,"CONSU-00002","25-0100","00018","","G0102","A","UN",1,"","","",""
"S","ES2603SES00000001","ES2603INV00000001",39000,"ES",0,0,1,"CONSU-00002","25-0100","00019","","G0102","A","UN",1,"","","",""
"S","ES2603SES00000001","ES2603INV00000001",40000,"ES",0,0,1,"CONSU-00002","25-0100","00020","","G0102","A","UN",1,"","","",""
"S","ES2603SES00000001","ES2603INV00000001",41000,"ES",0,0,1,"CONSU-00002","25-0100","00021","","G0102","A","UN",1,"","","",""
"S","ES2603SES00000001","ES2603INV00000001",42000,"ES",0,0,1,"CONSU-00002","25-0100","00022","","G0102","A","UN",1,"","","",""
"S","ES2603SES00000001","ES2603INV00000001",43000,"ES",0,0,1,"CONSU-00002","25-0100","00024","","G0102","A","UN",1,"","","",""
"S","ES2603SES00000001","ES2603INV00000001",44000,"ES",0,0,1,"CONSU-00002","25-0100","00026","","G0102","A","UN",1,"","","",""
"S","ES2603SES00000001","ES2603INV00000001",45000,"ES",0,0,1,"CONSU-00002","25-0100","00027","","G0102","A","UN",1,"","","",""
"S","ES2603SES00000001","ES2603INV00000001",46000,"ES",0,0,1,"CONSU-00002","25-0100","00028","","G0102","A","UN",1,"","","",""
"S","ES2603SES00000001","ES2603INV00000001",47000,"ES",0,0,1,"CONSU-00002","25-0100","00029","","G0102","A","UN",1,"","","",""
"S","ES2603SES00000001","ES2603INV00000001",48000,"ES",0,0,1,"CONSU-00002","25-0100","00031","","G0102","A","UN",1,"","","",""
"S","ES2603SES00000001","ES2603INV00000001",49000,"ES",0,0,1,"CONSU-00002","25-0100","00032","","G0102","A","UN",1,"","","",""
"S","ES2603SES00000001","ES2603INV00000001",50000,"ES",0,0,1,"CONSU-00002","25-0100","00033","","G0102","A","UN",1,"","","",""
"S","ES2603SES00000001","ES2603INV00000001",51000,"ES",0,0,1,"CONSU-00002","25-0100","00034","","G0102","A","UN",1,"","","",""
"S","ES2603SES00000001","ES2603INV00000001",52000,"ES",0,0,1,"CONSU-00002","25-0100","00035","","G0102","A","UN",1,"","","",""
"S","ES2603SES00000001","ES2603INV00000001",53000,"ES",0,0,1,"CONSU-00002","25-0100","00036","","G0102","A","UN",1,"","","",""
"S","ES2603SES00000001","ES2603INV00000001",54000,"ES",0,0,1,"CONSU-00002","25-0100","00037","","G0102","A","UN",1,"","","",""
"S","ES2603SES00000001","ES2603INV00000001",55000,"ES",0,0,1,"CONSU-00002","25-0100","00038","","G0102","A","UN",1,"","","",""
"S","ES2603SES00000001","ES2603INV00000001",56000,"ES",0,0,1,"CONSU-00002","25-0100","00039","","G0102","A","UN",1,"","","",""
"S","ES2603SES00000001","ES2603INV00000001",57000,"ES",0,0,1,"CONSU-00002","25-0100","00040","","G0102","A","UN",1,"","","",""
"S","ES2603SES00000001","ES2603INV00000001",58000,"ES",0,0,1,"CONSU-00002","25-0100","00041","","G0102","A","UN",1,"","","",""
"S","ES2603SES00000001","ES2603INV00000001",59000,"ES",0,0,1,"CONSU-00002","25-0100","00042","","G0102","A","UN",1,"","","",""
"S","ES2603SES00000001","ES2603INV00000001",60000,"ES",0,0,1,"CONSU-00002","25-0100","00043","","G0102","A","UN",1,"","","",""
"S","ES2603SES00000001","ES2603INV00000001",61000,"ES",0,0,1,"CONSU-00002","25-0100","00044","","G0102","A","UN",1,"","","",""
"S","ES2603SES00000001","ES2603INV00000001",62000,"ES",0,0,1,"CONSU-00002","25-0100","00045","","G0102","A","UN",1,"","","",""
"S","ES2603SES00000001","ES2603INV00000001",63000,"ES",0,0,1,"CONSU-00003","19-9752","4","","","A","UN",1,"","","",""
"S","ES2603SES00000001","ES2603INV00000001",64000,"ES",0,0,1,"CONSU-00007","","","","","A","UN",1,"","","",""
"S","ES2603SES00000001","ES2603INV00000001",65000,"ES",0,0,1,"CONSU-00008","24-8067","00001","","","A","UN",1,"","","",""
"S","ES2603SES00000001","ES2603INV00000001",66000,"ES",0,0,1,"CONSU-00008","24-8924","00001","","","A","UN",1,"","","",""
"S","ES2603SES00000001","ES2603INV00000001",67000,"ES",0,0,1,"CONSU-00009","21-3301","00001","","","A","UN",1,"","","",""
"S","ES2603SES00000001","ES2603INV00000001",68000,"ES",0,0,1,"CONSU-00010","","","","","A","UN",1,"","","",""
"S","ES2603SES00000001","ES2603INV00000001",69000,"ES",0,0,1,"CONSU-00011","","","","","A","UN",1,"","","",""
"S","ES2603SES00000001","ES2603INV00000001",70000,"ES",0,0,1,"CONSU-00012","24-7786","00001","","K0401","A","UN",1,"","","",""
"S","ES2603SES00000001","ES2603INV00000001",71000,"ES",0,0,1,"CONSU-00012","24-7786","00002","","K0401","A","UN",1,"","","",""
"S","ES2603SES00000001","ES2603INV00000001",72000,"ES",0,0,1,"CONSU-00013","24-1868","00001","","","A","UN",1,"","","",""
"S","ES2603SES00000001","ES2603INV00000001",73000,"ES",0,0,1,"CONSU-00013","24-1868","00002","","","A","UN",1,"","","",""
"S","ES2603SES00000001","ES2603INV00000001",74000,"ES",0,0,1,"CONSU-00014","24-9035","00011","","","A","UN",1,"","","",""
"S","ES2603SES00000001","ES2603INV00000001",75000,"ES",0,0,1,"CONSU-00014","24-9035","00012","","","A","UN",1,"","","",""
"S","ES2603SES00000001","ES2603INV00000001",76000,"ES",0,0,1,"CONSU-00014","24-9035","00015","","","A","UN",1,"","","",""
"S","ES2603SES00000001","ES2603INV00000001",77000,"ES",0,0,1,"CONSU-00014","24-9035","00016","","","A","UN",1,"","","",""
"S","ES2603SES00000001","ES2603INV00000001",78000,"ES",0,0,1,"CONSU-00014","24-9035","00037","","","A","UN",1,"","","",""
"S","ES2603SES00000001","ES2603INV00000001",79000,"ES",0,0,1,"CONSU-00014","24-9035","00038","","","A","UN",1,"","","",""
"S","ES2603SES00000001","ES2603INV00000001",80000,"ES",0,0,1,"CONSU-00014","24-9035","00045","","","A","UN",1,"","","",""
"S","ES2603SES00000001","ES2603INV00000001",81000,"ES",0,0,1,"CONSU-00014","24-9035","00046","","","A","UN",1,"","","",""
"S","ES2603SES00000001","ES2603INV00000001",82000,"ES",0,0,1,"CONSU-00014","24-9035","00047","","","A","UN",1,"","","",""
"S","ES2603SES00000001","ES2603INV00000001",83000,"ES",0,0,1,"CONSU-00014","24-9035","00048","","","A","UN",1,"","","",""
"S","ES2603SES00000001","ES2603INV00000001",84000,"ES",0,0,1,"CONSU-00014","24-9035","00049","","","A","UN",1,"","","",""
"S","ES2603SES00000001","ES2603INV00000001",85000,"ES",0,0,1,"CONSU-00014","24-9035","00050","","","A","UN",1,"","","",""
"S","ES2603SES00000001","ES2603INV00000001",86000,"ES",0,0,1,"CONSU-00014","24-9035","00051","","","A","UN",1,"","","",""
"S","ES2603SES00000001","ES2603INV00000001",87000,"ES",0,0,1,"CONSU-00014","24-9035","00052","","","A","UN",1,"","","",""
"S","ES2603SES00000001","ES2603INV00000001",88000,"ES",0,0,1,"CONSU-00014","24-9035","00053","","","A","UN",1,"","","",""
"S","ES2603SES00000001","ES2603INV00000001",89000,"ES",0,0,1,"CONSU-00014","24-9035","00054","","","A","UN",1,"","","",""
"S","ES2603SES00000001","ES2603INV00000001",90000,"ES",0,0,1,"CONSU-00014","24-9035","00055","","","A","UN",1,"","","",""
"S","ES2603SES00000001","ES2603INV00000001",91000,"ES",0,0,1,"CONSU-00014","24-9035","00056","","","A","UN",1,"","","",""
"S","ES2603SES00000001","ES2603INV00000001",92000,"ES",0,0,1,"CONSU-00014","24-9035","00057","","","A","UN",1,"","","",""
"S","ES2603SES00000001","ES2603INV00000001",93000,"ES",0,0,1,"CONSU-00014","24-9035","00058","","","A","UN",1,"","","",""
"S","ES2603SES00000001","ES2603INV00000001",94000,"ES",0,0,1,"CONSU-00014","24-9035","00059","","","A","UN",1,"","","",""
"S","ES2603SES00000001","ES2603INV00000001",95000,"ES",0,0,1,"CONSU-00014","24-9035","00060","","","A","UN",1,"","","",""
"S","ES2603SES00000001","ES2603INV00000001",96000,"ES",0,0,1,"CONSU-00014","24-9035","00061","","","A","UN",1,"","","",""
"S","ES2603SES00000001","ES2603INV00000001",97000,"ES",0,0,1,"CONSU-00014","24-9035","00062","","","A","UN",1,"","","",""
"S","ES2603SES00000001","ES2603INV00000001",98000,"ES",0,0,1,"CONSU-00014","24-9035","00063","","","A","UN",1,"","","",""
"S","ES2603SES00000001","ES2603INV00000001",99000,"ES",0,0,1,"CONSU-00014","24-9035","00064","","","A","UN",1,"","","",""
"S","ES2603SES00000001","ES2603INV00000001",100000,"ES",0,0,1,"CONSU-00014","24-9035","00065","","","A","UN",1,"","","",""
"S","ES2603SES00000001","ES2603INV00000001",101000,"ES",0,0,1,"CONSU-00014","24-9035","00066","","","A","UN",1,"","","",""
"S","ES2603SES00000001","ES2603INV00000001",102000,"ES",0,0,1,"CONSU-00014","24-9035","00067","","","A","UN",1,"","","",""
"S","ES2603SES00000001","ES2603INV00000001",103000,"ES",0,0,1,"CONSU-00014","24-9035","00068","","","A","UN",1,"","","",""
"S","ES2603SES00000001","ES2603INV00000001",104000,"ES",0,0,1,"CONSU-00014","24-9035","00069","","","A","UN",1,"","","",""
"S","ES2603SES00000001","ES2603INV00000001",105000,"ES",0,0,1,"CONSU-00014","24-9035","00070","","","A","UN",1,"","","",""
"S","ES2603SES00000001","ES2603INV00000001",106000,"ES",0,0,1,"CONSU-00014","24-9035","00089","","","A","UN",1,"","","",""
"S","ES2603SES00000001","ES2603INV00000001",107000,"ES",0,0,1,"CONSU-00014","24-9035","00090","","","A","UN",1,"","","",""
"S","ES2603SES00000001","ES2603INV00000001",108000,"ES",0,0,1,"CONSU-00014","24-9035","00091","","","A","UN",1,"","","",""
"S","ES2603SES00000001","ES2603INV00000001",109000,"ES",0,0,1,"CONSU-00014","24-9035","00092","","","A","UN",1,"","","",""
"S","ES2603SES00000001","ES2603INV00000001",110000,"ES",0,0,1,"CONSU-00014","24-9037","00021","","","A","UN",1,"","","",""
"S","ES2603SES00000001","ES2603INV00000001",111000,"ES",0,0,1,"CONSU-00014","24-9037","00022","","","A","UN",1,"","","",""
"S","ES2603SES00000001","ES2603INV00000001",112000,"ES",0,0,1,"CONSU-00014","24-9037","00023","","","A","UN",1,"","","",""
"S","ES2603SES00000001","ES2603INV00000001",113000,"ES",0,0,1,"CONSU-00014","24-9037","00024","","","A","UN",1,"","","",""
"S","ES2603SES00000001","ES2603INV00000001",114000,"ES",0,0,1,"CONSU-00014","24-9037","00025","","","A","UN",1,"","","",""
"S","ES2603SES00000001","ES2603INV00000001",115000,"ES",0,0,1,"CONSU-00014","24-9037","00026","","","A","UN",1,"","","",""
"S","ES2603SES00000001","ES2603INV00000001",116000,"ES",0,0,1,"CONSU-00014","24-9037","00027","","","A","UN",1,"","","",""
"S","ES2603SES00000001","ES2603INV00000001",117000,"ES",0,0,1,"CONSU-00014","24-9037","00028","","","A","UN",1,"","","",""
"S","ES2603SES00000001","ES2603INV00000001",118000,"ES",0,0,1,"CONSU-00014","24-9037","00029","","","A","UN",1,"","","",""
"S","ES2603SES00000001","ES2603INV00000001",119000,"ES",0,0,1,"CONSU-00014","24-9037","00030","","","A","UN",1,"","","",""
"S","ES2603SES00000001","ES2603INV00000001",120000,"ES",0,0,1,"CONSU-00014","24-9037","00031","","","A","UN",1,"","","",""
"S","ES2603SES00000001","ES2603INV00000001",121000,"ES",0,0,1,"CONSU-00014","24-9037","00032","","","A","UN",1,"","","",""
"S","ES2603SES00000001","ES2603INV00000001",122000,"ES",0,0,1,"CONSU-00014","24-9037","00033","","","A","UN",1,"","","",""
"S","ES2603SES00000001","ES2603INV00000001",123000,"ES",0,0,1,"CONSU-00014","24-9037","00034","","","A","UN",1,"","","",""
"S","ES2603SES00000001","ES2603INV00000001",124000,"ES",0,0,1,"CONSU-00014","24-9037","00035","","","A","UN",1,"","","",""
"S","ES2603SES00000001","ES2603INV00000001",125000,"ES",0,0,1,"CONSU-00014","24-9037","00036","","","A","UN",1,"","","",""
"S","ES2603SES00000001","ES2603INV00000001",126000,"ES",0,0,1,"CONSU-00014","24-9037","00037","","","A","UN",1,"","","",""
"S","ES2603SES00000001","ES2603INV00000001",127000,"ES",0,0,1,"CONSU-00014","24-9037","00038","","","A","UN",1,"","","",""
"S","ES2603SES00000001","ES2603INV00000001",128000,"ES",0,0,1,"CONSU-00014","24-9037","00039","","","A","UN",1,"","","",""
"S","ES2603SES00000001","ES2603INV00000001",129000,"ES",0,0,1,"CONSU-00014","24-9037","00040","","","A","UN",1,"","","",""
"S","ES2603SES00000001","ES2603INV00000001",130000,"ES",0,0,1,"CONSU-00014","24-9037","00041","","","A","UN",1,"","","",""
"S","ES2603SES00000001","ES2603INV00000001",131000,"ES",0,0,1,"CONSU-00014","24-9037","00042","","","A","UN",1,"","","",""
"S","ES2603SES00000001","ES2603INV00000001",132000,"ES",0,0,1,"CONSU-00014","24-9037","00043","","","A","UN",1,"","","",""
"S","ES2603SES00000001","ES2603INV00000001",133000,"ES",0,0,1,"CONSU-00014","24-9037","00044","","","A","UN",1,"","","",""
"S","ES2603SES00000001","ES2603INV00000001",134000,"ES",0,0,1,"CONSU-00014","24-9037","00045","","","A","UN",1,"","","",""
"S","ES2603SES00000001","ES2603INV00000001",135000,"ES",0,0,1,"CONSU-00014","24-9037","00046","","","A","UN",1,"","","",""
"S","ES2603SES00000001","ES2603INV00000001",136000,"ES",0,0,1,"CONSU-00014","24-9037","00047","","","A","UN",1,"","","",""
"S","ES2603SES00000001","ES2603INV00000001",137000,"ES",0,0,1,"CONSU-00014","24-9037","00048","","","A","UN",1,"","","",""
"S","ES2603SES00000001","ES2603INV00000001",138000,"ES",0,0,1,"CONSU-00014","24-9037","00049","","","A","UN",1,"","","",""
"S","ES2603SES00000001","ES2603INV00000001",139000,"ES",0,0,1,"CONSU-00014","24-9037","00050","","","A","UN",1,"","","",""
"S","ES2603SES00000001","ES2603INV00000001",140000,"ES",0,0,1,"CONSU-00014","24-1869","00001","","","A","UN",1,"","","",""
"S","ES2603SES00000001","ES2603INV00000001",141000,"ES",0,0,1,"CONSU-00015","24-9036","00001","","","A","UN",1,"","","",""
"S","ES2603SES00000001","ES2603INV00000001",142000,"ES",0,0,1,"CONSU-00015","24-9036","00002","","","A","UN",1,"","","",""
"S","ES2603SES00000001","ES2603INV00000001",143000,"ES",0,0,1,"CONSU-00015","24-9036","00003","","","A","UN",1,"","","",""
"S","ES2603SES00000001","ES2603INV00000001",144000,"ES",0,0,1,"CONSU-00015","24-9036","00004","","","A","UN",1,"","","",""
"S","ES2603SES00000001","ES2603INV00000001",145000,"ES",0,0,1,"CONSU-00015","24-9036","00005","","","A","UN",1,"","","",""
"S","ES2603SES00000001","ES2603INV00000001",146000,"ES",0,0,1,"CONSU-00015","24-9036","00006","","","A","UN",1,"","","",""
"S","ES2603SES00000001","ES2603INV00000001",147000,"ES",0,0,1,"CONSU-00015","24-9036","00007","","","A","UN",1,"","","",""
"S","ES2603SES00000001","ES2603INV00000001",148000,"ES",0,0,1,"CONSU-00015","24-9036","00008","","","A","UN",1,"","","",""
"S","ES2603SES00000001","ES2603INV00000001",149000,"ES",0,0,1,"CONSU-00015","24-9036","00009","","","A","UN",1,"","","",""
"S","ES2603SES00000001","ES2603INV00000001",150000,"ES",0,0,1,"CONSU-00015","24-9036","00010","","","A","UN",1,"","","",""
"S","ES2603SES00000001","ES2603INV00000001",151000,"ES",0,0,1,"CONSU-00015","24-9036","00011","","","A","UN",1,"","","",""
"S","ES2603SES00000001","ES2603INV00000001",152000,"ES",0,0,1,"CONSU-00015","24-9036","00012","","","A","UN",1,"","","",""
"S","ES2603SES00000001","ES2603INV00000001",153000,"ES",0,0,1,"CONSU-00015","24-9036","00013","","","A","UN",1,"","","",""
"S","ES2603SES00000001","ES2603INV00000001",154000,"ES",0,0,1,"CONSU-00015","24-9036","00014","","","A","UN",1,"","","",""
"S","ES2603SES00000001","ES2603INV00000001",155000,"ES",0,0,1,"CONSU-00015","24-9036","00015","","","A","UN",1,"","","",""
"S","ES2603SES00000001","ES2603INV00000001",156000,"ES",0,0,1,"CONSU-00015","24-9036","00016","","","A","UN",1,"","","",""
"S","ES2603SES00000001","ES2603INV00000001",157000,"ES",0,0,1,"CONSU-00015","24-9036","00017","","","A","UN",1,"","","",""
"S","ES2603SES00000001","ES2603INV00000001",158000,"ES",0,0,1,"CONSU-00015","24-9036","00018","","","A","UN",1,"","","",""
"S","ES2603SES00000001","ES2603INV00000001",159000,"ES",0,0,1,"CONSU-00015","24-9036","00019","","","A","UN",1,"","","",""
"S","ES2603SES00000001","ES2603INV00000001",160000,"ES",0,0,1,"CONSU-00015","24-9036","00020","","","A","UN",1,"","","",""
"S","ES2603SES00000001","ES2603INV00000001",161000,"ES",0,0,1,"CONSU-00015","24-9036","00021","","","A","UN",1,"","","",""
"S","ES2603SES00000001","ES2603INV00000001",162000,"ES",0,0,1,"CONSU-00015","24-9036","00022","","","A","UN",1,"","","",""
"S","ES2603SES00000001","ES2603INV00000001",163000,"ES",0,0,1,"CONSU-00015","24-9036","00023","","","A","UN",1,"","","",""
"S","ES2603SES00000001","ES2603INV00000001",164000,"ES",0,0,1,"CONSU-00015","24-9036","00024","","","A","UN",1,"","","",""
"S","ES2603SES00000001","ES2603INV00000001",165000,"ES",0,0,1,"CONSU-00015","24-9036","00025","","","A","UN",1,"","","",""
"S","ES2603SES00000001","ES2603INV00000001",166000,"ES",0,0,1,"CONSU-00015","24-9036","00026","","","A","UN",1,"","","",""
"S","ES2603SES00000001","ES2603INV00000001",167000,"ES",0,0,1,"CONSU-00015","24-9036","00027","","","A","UN",1,"","","",""
"S","ES2603SES00000001","ES2603INV00000001",168000,"ES",0,0,1,"CONSU-00015","24-9036","00028","","","A","UN",1,"","","",""
"S","ES2603SES00000001","ES2603INV00000001",169000,"ES",0,0,1,"CONSU-00015","24-9036","00029","","","A","UN",1,"","","",""
"S","ES2603SES00000001","ES2603INV00000001",170000,"ES",0,0,1,"CONSU-00015","24-9036","00030","","","A","UN",1,"","","",""
"S","ES2603SES00000001","ES2603INV00000001",171000,"ES",0,0,1,"CONSU-00015","24-9036","00031","","","A","UN",1,"","","",""
"S","ES2603SES00000001","ES2603INV00000001",172000,"ES",0,0,1,"CONSU-00015","24-9036","00032","","","A","UN",1,"","","",""
"S","ES2603SES00000001","ES2603INV00000001",173000,"ES",0,0,1,"CONSU-00015","24-9036","00033","","","A","UN",1,"","","",""
"S","ES2603SES00000001","ES2603INV00000001",174000,"ES",0,0,1,"CONSU-00015","24-9036","00034","","","A","UN",1,"","","",""
"S","ES2603SES00000001","ES2603INV00000001",175000,"ES",0,0,1,"CONSU-00015","24-9036","00035","","","A","UN",1,"","","",""
"S","ES2603SES00000001","ES2603INV00000001",176000,"ES",0,0,1,"CONSU-00015","24-9036","00036","","","A","UN",1,"","","",""
"S","ES2603SES00000001","ES2603INV00000001",177000,"ES",0,0,1,"CONSU-00015","24-9036","00037","","","A","UN",1,"","","",""
"S","ES2603SES00000001","ES2603INV00000001",178000,"ES",0,0,1,"CONSU-00015","24-9036","00038","","","A","UN",1,"","","",""
"S","ES2603SES00000001","ES2603INV00000001",179000,"ES",0,0,1,"CONSU-00015","24-9036","00039","","","A","UN",1,"","","",""
"S","ES2603SES00000001","ES2603INV00000001",180000,"ES",0,0,1,"CONSU-00015","24-9036","00040","","","A","UN",1,"","","",""
"S","ES2603SES00000001","ES2603INV00000001",181000,"ES",0,0,1,"CONSU-00015","24-9036","00041","","","A","UN",1,"","","",""
"S","ES2603SES00000001","ES2603INV00000001",182000,"ES",0,0,1,"CONSU-00015","24-9036","00042","","","A","UN",1,"","","",""
"S","ES2603SES00000001","ES2603INV00000001",183000,"ES",0,0,1,"CONSU-00015","24-9036","00043","","","A","UN",1,"","","",""
"S","ES2603SES00000001","ES2603INV00000001",184000,"ES",0,0,1,"CONSU-00015","24-9036","00044","","","A","UN",1,"","","",""
"S","ES2603SES00000001","ES2603INV00000001",185000,"ES",0,0,1,"CONSU-00015","24-9036","00045","","","A","UN",1,"","","",""
"S","ES2603SES00000001","ES2603INV00000001",186000,"ES",0,0,1,"CONSU-00015","24-9036","00046","","","A","UN",1,"","","",""
"S","ES2603SES00000001","ES2603INV00000001",187000,"ES",0,0,1,"CONSU-00015","24-9036","00047","","","A","UN",1,"","","",""
"S","ES2603SES00000001","ES2603INV00000001",188000,"ES",0,0,1,"CONSU-00015","24-9036","00048","","","A","UN",1,"","","",""
"S","ES2603SES00000001","ES2603INV00000001",189000,"ES",0,0,1,"CONSU-00015","24-9036","00049","","","A","UN",1,"","","",""
"S","ES2603SES00000001","ES2603INV00000001",190000,"ES",0,0,1,"CONSU-00015","24-9036","00050","","","A","UN",1,"","","",""
"S","ES2603SES00000001","ES2603INV00000001",191000,"ES",0,0,1,"CONSU-00015","24-9036","00051","","","A","UN",1,"","","",""
"S","ES2603SES00000001","ES2603INV00000001",192000,"ES",0,0,1,"CONSU-00015","24-9036","00052","","","A","UN",1,"","","",""
"S","ES2603SES00000001","ES2603INV00000001",193000,"ES",0,0,1,"CONSU-00015","24-9036","00053","","","A","UN",1,"","","",""
"S","ES2603SES00000001","ES2603INV00000001",194000,"ES",0,0,1,"CONSU-00015","24-9036","00054","","","A","UN",1,"","","",""
"S","ES2603SES00000001","ES2603INV00000001",195000,"ES",0,0,1,"CONSU-00015","24-9036","00055","","","A","UN",1,"","","",""
"S","ES2603SES00000001","ES2603INV00000001",196000,"ES",0,0,1,"CONSU-00015","24-9036","00056","","","A","UN",1,"","","",""
"S","ES2603SES00000001","ES2603INV00000001",197000,"ES",0,0,1,"CONSU-00015","24-9036","00057","","","A","UN",1,"","","",""
"S","ES2603SES00000001","ES2603INV00000001",198000,"ES",0,0,1,"CONSU-00015","24-9036","00058","","","A","UN",1,"","","",""
"S","ES2603SES00000001","ES2603INV00000001",199000,"ES",0,0,1,"CONSU-00015","24-9036","00059","","","A","UN",1,"","","",""
"S","ES2603SES00000001","ES2603INV00000001",200000,"ES",0,0,1,"CONSU-00015","24-9036","00060","","","A","UN",1,"","","",""
"S","ES2603SES00000001","ES2603INV00000001",201000,"ES",0,0,1,"CONSU-00015","24-9036","00061","","","A","UN",1,"","","",""
"S","ES2603SES00000001","ES2603INV00000001",202000,"ES",0,0,1,"CONSU-00015","24-9036","00062","","","A","UN",1,"","","",""
"S","ES2603SES00000001","ES2603INV00000001",203000,"ES",0,0,1,"CONSU-00015","24-9036","00063","","","A","UN",1,"","","",""
"S","ES2603SES00000001","ES2603INV00000001",204000,"ES",0,0,1,"CONSU-00015","24-9036","00064","","","A","UN",1,"","","",""
"S","ES2603SES00000001","ES2603INV00000001",205000,"ES",0,0,1,"CONSU-00015","24-9036","00065","","","A","UN",1,"","","",""
"S","ES2603SES00000001","ES2603INV00000001",206000,"ES",0,0,1,"CONSU-00015","24-9036","00066","","","A","UN",1,"","","",""
"S","ES2603SES00000001","ES2603INV00000001",207000,"ES",0,0,1,"CONSU-00015","24-9036","00067","","","A","UN",1,"","","",""
"S","ES2603SES00000001","ES2603INV00000001",208000,"ES",0,0,1,"CONSU-00015","24-9036","00068","","","A","UN",1,"","","",""
"S","ES2603SES00000001","ES2603INV00000001",209000,"ES",0,0,1,"CONSU-00015","24-9036","00069","","","A","UN",1,"","","",""
"S","ES2603SES00000001","ES2603INV00000001",210000,"ES",0,0,1,"CONSU-00015","24-9036","00070","","","A","UN",1,"","","",""
"S","ES2603SES00000001","ES2603INV00000001",211000,"ES",0,0,1,"CONSU-00015","24-9036","00071","","","A","UN",1,"","","",""
"S","ES2603SES00000001","ES2603INV00000001",212000,"ES",0,0,1,"CONSU-00015","24-9036","00072","","","A","UN",1,"","","",""
"S","ES2603SES00000001","ES2603INV00000001",213000,"ES",0,0,1,"CONSU-00015","24-9036","00073","","","A","UN",1,"","","",""
"S","ES2603SES00000001","ES2603INV00000001",214000,"ES",0,0,1,"CONSU-00015","24-9036","00074","","","A","UN",1,"","","",""
"S","ES2603SES00000001","ES2603INV00000001",215000,"ES",0,0,1,"CONSU-00015","24-9036","00075","","","A","UN",1,"","","",""
"S","ES2603SES00000001","ES2603INV00000001",216000,"ES",0,0,1,"CONSU-00015","24-9036","00076","","","A","UN",1,"","","",""
"S","ES2603SES00000001","ES2603INV00000001",217000,"ES",0,0,1,"CONSU-00015","24-9036","00077","","","A","UN",1,"","","",""
"S","ES2603SES00000001","ES2603INV00000001",218000,"ES",0,0,1,"CONSU-00015","24-9036","00078","","","A","UN",1,"","","",""
"S","ES2603SES00000001","ES2603INV00000001",219000,"ES",0,0,1,"CONSU-00015","24-9036","00079","","","A","UN",1,"","","",""
"S","ES2603SES00000001","ES2603INV00000001",220000,"ES",0,0,1,"CONSU-00015","24-9036","00080","","","A","UN",1,"","","",""
"S","ES2603SES00000001","ES2603INV00000001",221000,"ES",0,0,1,"CONSU-00015","24-9036","00081","","","A","UN",1,"","","",""
"S","ES2603SES00000001","ES2603INV00000001",222000,"ES",0,0,1,"CONSU-00015","24-9036","00082","","","A","UN",1,"","","",""
"S","ES2603SES00000001","ES2603INV00000001",223000,"ES",0,0,1,"CONSU-00015","24-9036","00083","","","A","UN",1,"","","",""
"S","ES2603SES00000001","ES2603INV00000001",224000,"ES",0,0,1,"CONSU-00015","24-9036","00084","","","A","UN",1,"","","",""
"S","ES2603SES00000001","ES2603INV00000001",225000,"ES",0,0,1,"CONSU-00015","24-9036","00085","","","A","UN",1,"","","",""
"S","ES2603SES00000001","ES2603INV00000001",226000,"ES",0,0,1,"CONSU-00015","24-9036","00086","","","A","UN",1,"","","",""
"S","ES2603SES00000001","ES2603INV00000001",227000,"ES",0,0,1,"CONSU-00015","24-9036","00087","","","A","UN",1,"","","",""
"S","ES2603SES00000001","ES2603INV00000001",228000,"ES",0,0,1,"CONSU-00015","24-9036","00088","","","A","UN",1,"","","",""
"S","ES2603SES00000001","ES2603INV00000001",229000,"ES",0,0,1,"CONSU-00015","24-9036","00089","","","A","UN",1,"","","",""
"S","ES2603SES00000001","ES2603INV00000001",230000,"ES",0,0,1,"CONSU-00015","24-9036","00090","","","A","UN",1,"","","",""
"S","ES2603SES00000001","ES2603INV00000001",231000,"ES",0,0,1,"CONSU-00015","24-9036","00091","","","A","UN",1,"","","",""
"S","ES2603SES00000001","ES2603INV00000001",232000,"ES",0,0,1,"CONSU-00015","24-9036","00092","","","A","UN",1,"","","",""
"S","ES2603SES00000001","ES2603INV00000001",233000,"ES",0,0,1,"CONSU-00015","24-9036","00093","","","A","UN",1,"","","",""
"S","ES2603SES00000001","ES2603INV00000001",234000,"ES",0,0,1,"CONSU-00015","24-9036","00094","","","A","UN",1,"","","",""
"S","ES2603SES00000001","ES2603INV00000001",235000,"ES",0,0,1,"CONSU-00015","24-9036","00095","","","A","UN",1,"","","",""
"S","ES2603SES00000001","ES2603INV00000001",236000,"ES",0,0,1,"CONSU-00015","24-9036","00096","","","A","UN",1,"","","",""
"S","ES2603SES00000001","ES2603INV00000001",237000,"ES",0,0,1,"CONSU-00015","24-9036","00097","","","A","UN",1,"","","",""
"S","ES2603SES00000001","ES2603INV00000001",238000,"ES",0,0,1,"CONSU-00015","24-9036","00098","","","A","UN",1,"","","",""
"S","ES2603SES00000001","ES2603INV00000001",239000,"ES",0,0,1,"CONSU-00015","24-9036","00099","","","A","UN",1,"","","",""
"S","ES2603SES00000001","ES2603INV00000001",240000,"ES",0,0,1,"CONSU-00015","24-9036","00100","","","A","UN",1,"","","",""
"S","ES2603SES00000001","ES2603INV00000001",241000,"ES",0,0,1,"CONSU-00015","24-9036","00101","","","A","UN",1,"","","",""
"S","ES2603SES00000001","ES2603INV00000001",242000,"ES",0,0,1,"CONSU-00015","24-9036","00102","","","A","UN",1,"","","",""
"S","ES2603SES00000001","ES2603INV00000001",243000,"ES",0,0,1,"CONSU-00015","24-9036","00103","","","A","UN",1,"","","",""
"S","ES2603SES00000001","ES2603INV00000001",244000,"ES",0,0,1,"CONSU-00015","24-9036","00104","","","A","UN",1,"","","",""
"S","ES2603SES00000001","ES2603INV00000001",245000,"ES",0,0,1,"CONSU-00015","24-9036","00105","","","A","UN",1,"","","",""
"S","ES2603SES00000001","ES2603INV00000001",246000,"ES",0,0,1,"CONSU-00015","24-9036","00106","","","A","UN",1,"","","",""
"S","ES2603SES00000001","ES2603INV00000001",247000,"ES",0,0,1,"CONSU-00015","24-9036","00107","","","A","UN",1,"","","",""
"S","ES2603SES00000001","ES2603INV00000001",248000,"ES",0,0,1,"CONSU-00015","24-9036","00108","","","A","UN",1,"","","",""
"S","ES2603SES00000001","ES2603INV00000001",249000,"ES",0,0,1,"CONSU-00015","24-9036","00109","","","A","UN",1,"","","",""
"S","ES2603SES00000001","ES2603INV00000001",250000,"ES",0,0,1,"CONSU-00015","24-9036","00110","","","A","UN",1,"","","",""
"S","ES2603SES00000001","ES2603INV00000001",251000,"ES",0,0,1,"CONSU-00015","24-9036","00111","","","A","UN",1,"","","",""
"S","ES2603SES00000001","ES2603INV00000001",252000,"ES",0,0,1,"CONSU-00015","24-9036","00112","","","A","UN",1,"","","",""
"S","ES2603SES00000001","ES2603INV00000001",253000,"ES",0,0,1,"CONSU-00015","24-9036","00113","","","A","UN",1,"","","",""
"S","ES2603SES00000001","ES2603INV00000001",254000,"ES",0,0,1,"CONSU-00015","24-9036","00114","","","A","UN",1,"","","",""
"S","ES2603SES00000001","ES2603INV00000001",255000,"ES",0,0,1,"CONSU-00015","24-9036","00115","","","A","UN",1,"","","",""
"S","ES2603SES00000001","ES2603INV00000001",256000,"ES",0,0,1,"CONSU-00015","24-9036","00116","","","A","UN",1,"","","",""
"S","ES2603SES00000001","ES2603INV00000001",257000,"ES",0,0,1,"CONSU-00015","24-9036","00117","","","A","UN",1,"","","",""
"S","ES2603SES00000001","ES2603INV00000001",258000,"ES",0,0,1,"CONSU-00015","24-9036","00118","","","A","UN",1,"","","",""
"S","ES2603SES00000001","ES2603INV00000001",259000,"ES",0,0,1,"CONSU-00015","24-9036","00119","","","A","UN",1,"","","",""
"S","ES2603SES00000001","ES2603INV00000001",260000,"ES",0,0,1,"CONSU-00015","24-9036","00120","","","A","UN",1,"","","",""
"S","ES2603SES00000001","ES2603INV00000001",261000,"ES",0,0,1,"CONSU-00015","24-9038","00001","","","A","UN",1,"","","",""
"S","ES2603SES00000001","ES2603INV00000001",262000,"ES",0,0,1,"CONSU-00015","24-9038","00002","","","A","UN",1,"","","",""
"S","ES2603SES00000001","ES2603INV00000001",263000,"ES",0,0,1,"CONSU-00015","24-9038","00003","","","A","UN",1,"","","",""
"S","ES2603SES00000001","ES2603INV00000001",264000,"ES",0,0,1,"CONSU-00015","24-9038","00004","","","A","UN",1,"","","",""
"S","ES2603SES00000001","ES2603INV00000001",265000,"ES",0,0,1,"CONSU-00015","24-9038","00005","","","A","UN",1,"","","",""
"S","ES2603SES00000001","ES2603INV00000001",266000,"ES",0,0,1,"CONSU-00015","24-9038","00006","","","A","UN",1,"","","",""
"S","ES2603SES00000001","ES2603INV00000001",267000,"ES",0,0,1,"CONSU-00015","24-9038","00007","","","A","UN",1,"","","",""
"S","ES2603SES00000001","ES2603INV00000001",268000,"ES",0,0,1,"CONSU-00015","24-9038","00008","","","A","UN",1,"","","",""
"S","ES2603SES00000001","ES2603INV00000001",269000,"ES",0,0,1,"CONSU-00015","24-9038","00009","","","A","UN",1,"","","",""
"S","ES2603SES00000001","ES2603INV00000001",270000,"ES",0,0,1,"CONSU-00015","24-9038","00010","","","A","UN",1,"","","",""
"S","ES2603SES00000001","ES2603INV00000001",271000,"ES",0,0,1,"CONSU-00015","24-1870","00002","","A0101","A","UN",1,"","","",""
"S","ES2603SES00000001","ES2603INV00000001",272000,"ES",0,0,1,"CONSU-00016","","","","","A","UN",1,"","","",""
"S","ES2603SES00000001","ES2603INV00000001",273000,"ES",0,0,1,"CONSU-00018","20-0350","1","","","A","UN",1,"","","",""
"S","ES2603SES00000001","ES2603INV00000001",274000,"ES",0,0,1,"CONSU-00020","","","","","A","UN",1,"","","",""
"S","ES2603SES00000001","ES2603INV00000001",275000,"ES",0,0,1,"CONSU-00021","","","","","A","UN",1,"","","",""
"S","ES2603SES00000001","ES2603INV00000001",276000,"ES",0,0,1,"CONSU-00022","","","","","A","UN",1,"","","",""
"S","ES2603SES00000001","ES2603INV00000001",277000,"ES",0,0,1,"CONSU-00024","","","","","A","UN",1,"","","",""
"S","ES2603SES00000001","ES2603INV00000001",278000,"ES",0,0,1,"CONSU-00026","24-7810","00001","","","A","UN",1,"","","",""
"S","ES2603SES00000001","ES2603INV00000001",279000,"ES",0,0,1,"CONSU-00026","24-8059","00001","","","A","UN",1,"","","",""
"S","ES2603SES00000001","ES2603INV00000001",280000,"ES",0,0,1,"CONSU-00028","LOTE-NN","00001","","","A","UN",1,"","","",""
"S","ES2603SES00000001","ES2603INV00000001",281000,"ES",0,0,1,"CONSU-00028","LOTE-NN","00002","","","A","UN",1,"","","",""
"S","ES2603SES00000001","ES2603INV00000001",282000,"ES",0,0,1,"CONSU-00028","LOTE-NN","00003","","","A","UN",1,"","","",""
"S","ES2603SES00000001","ES2603INV00000001",283000,"ES",0,0,1,"CONSU-00028","LOTE-NN","00005","","","A","UN",1,"","","",""
"S","ES2603SES00000001","ES2603INV00000001",284000,"ES",0,0,1,"CONSU-00028","LOTE-NN","00006","","","A","UN",1,"","","",""
"S","ES2603SES00000001","ES2603INV00000001",285000,"ES",0,0,1,"CONSU-00028","LOTE-NN","00007","","","A","UN",1,"","","",""
"S","ES2603SES00000001","ES2603INV00000001",286000,"ES",0,0,1,"CONSU-00028","LOTE-NN","00008","","","A","UN",1,"","","",""
"S","ES2603SES00000001","ES2603INV00000001",287000,"ES",0,0,1,"CONSU-00028","LOTE-NN","00009","","","A","UN",1,"","","",""
"S","ES2603SES00000001","ES2603INV00000001",288000,"ES",0,0,1,"CONSU-00028","LOTE-NN","00010","","","A","UN",1,"","","",""
"S","ES2603SES00000001","ES2603INV00000001",289000,"ES",0,0,1,"CONSU-00028","LOTE-NN","00011","","","A","UN",1,"","","",""
"S","ES2603SES00000001","ES2603INV00000001",290000,"ES",0,0,1,"CONSU-00028","1515191","00001","","","A","UN",1,"","","",""
"S","ES2603SES00000001","ES2603INV00000001",291000,"ES",0,0,1,"CONSU-00028","1515191","00002","","","A","UN",1,"","","",""
"S","ES2603SES00000001","ES2603INV00000001",292000,"ES",0,0,1,"CONSU-00028","1515191","00003","","","A","UN",1,"","","",""
"S","ES2603SES00000001","ES2603INV00000001",293000,"ES",0,0,1,"CONSU-00028","1515191","00004","","","A","UN",1,"","","",""
"S","ES2603SES00000001","ES2603INV00000001",294000,"ES",0,0,1,"CONSU-00028","1515191","00005","","","A","UN",1,"","","",""
"S","ES2603SES00000001","ES2603INV00000001",295000,"ES",0,0,1,"CONSU-00029","19-8887","1","","","A","UN",1,"","","",""
"S","ES2603SES00000001","ES2603INV00000001",296000,"ES",0,0,1,"CONSU-00029","20-2556","1","","","A","UN",1,"","","",""
"S","ES2603SES00000001","ES2603INV00000001",297000,"ES",0,0,1,"CONSU-00031","","","","","A","UN",1,"","","",""
"S","ES2603SES00000001","ES2603INV00000001",298000,"ES",0,0,1,"CONSU-00032","","","","","A","UN",1,"","","",""
"S","ES2603SES00000001","ES2603INV00000001",299000,"ES",0,0,1,"CONSU-00033","19-8088","1","","","A","UN",1,"","","",""
"S","ES2603SES00000001","ES2603INV00000001",300000,"ES",0,0,1,"CONSU-00034","","","","","A","UN",1,"","","",""
"S","ES2603SES00000001","ES2603INV00000001",301000,"ES",0,0,1,"CONSU-00035","","","","","A","UN",1,"","","",""
"S","ES2603SES00000001","ES2603INV00000001",302000,"ES",0,0,1,"CONSU-00036","24-6211","00001","","","A","UN",1,"","","",""
"S","ES2603SES00000001","ES2603INV00000001",303000,"ES",0,0,1,"CONSU-00037","24-3177","00001","","","A","UN",1,"","","",""
"S","ES2603SES00000001","ES2603INV00000001",304000,"ES",0,0,1,"CONSU-00037","24-3821","00001","","","A","UN",1,"","","",""
"S","ES2603SES00000001","ES2603INV00000001",305000,"ES",0,0,1,"CONSU-00037","24-8137","00001","","","A","UN",1,"","","",""
"S","ES2603SES00000001","ES2603INV00000001",306000,"ES",0,0,1,"CONSU-00037","24-8634","00001","","","A","UN",1,"","","",""
"S","ES2603SES00000001","ES2603INV00000001",307000,"ES",0,0,1,"CONSU-00038","","","","","A","UN",1,"","","",""
"S","ES2603SES00000001","ES2603INV00000001",308000,"ES",0,0,1,"CONSU-00040","","","","","A","UN",1,"","","",""
"S","ES2603SES00000001","ES2603INV00000001",309000,"ES",0,0,1,"CONSU-00041","20-3181","1","","","A","UN",1,"","","",""
"S","ES2603SES00000001","ES2603INV00000001",310000,"ES",0,0,1,"CONSU-00042","24-1688","00002","","","A","UN",1,"","","",""
"S","ES2603SES00000001","ES2603INV00000001",311000,"ES",0,0,1,"CONSU-00042","24-1688","00003","","","A","UN",1,"","","",""
"S","ES2603SES00000001","ES2603INV00000001",312000,"ES",0,0,1,"CONSU-00044","23-1531","00001","","","A","UN",1,"","","",""
"S","ES2603SES00000001","ES2603INV00000001",313000,"ES",0,0,1,"CONSU-00045","20-8782","1","","","A","UN",1,"","","",""
"S","ES2603SES00000001","ES2603INV00000001",314000,"ES",0,0,1,"CONSU-00046","22-0346","00001","","","A","UN",1,"","","",""
"S","ES2603SES00000001","ES2603INV00000001",315000,"ES",0,0,1,"CONSU-00047","24-8176","00001","","","A","UN",1,"","","",""
"S","ES2603SES00000001","ES2603INV00000001",316000,"ES",0,0,1,"CONSU-00048","","","","","A","UN",1,"","","",""
"S","ES2603SES00000001","ES2603INV00000001",317000,"ES",0,0,1,"CONSU-00049","23-8730","00001","","","A","UN",1,"","","",""
"S","ES2603SES00000001","ES2603INV00000001",318000,"ES",0,0,1,"CONSU-00050","24-8585","00001","","","A","UN",1,"","","",""
"S","ES2603SES00000001","ES2603INV00000001",319000,"ES",0,0,1,"CONSU-00050","24-8863","00001","","","A","UN",1,"","","",""
"S","ES2603SES00000001","ES2603INV00000001",320000,"ES",0,0,1,"CONSU-00051","24-7717","00001","","","A","UN",1,"","","",""
"S","ES2603SES00000001","ES2603INV00000001",321000,"ES",0,0,1,"CONSU-00052","24-4817","00001","","","A","UN",1,"","","",""
"S","ES2603SES00000001","ES2603INV00000001",322000,"ES",0,0,1,"CONSU-00053","","","","","A","UN",1,"","","",""
"S","ES2603SES00000001","ES2603INV00000001",323000,"ES",0,0,1,"CONSU-00054","24-3150","00001","","","A","UN",1,"","","",""
"S","ES2603SES00000001","ES2603INV00000001",324000,"ES",0,0,1,"CONSU-00054","24-6634","00001","","","A","UN",1,"","","",""
"S","ES2603SES00000001","ES2603INV00000001",325000,"ES",0,0,1,"CONSU-00055","","","","","A","UN",1,"","","",""
"S","ES2603SES00000001","ES2603INV00000001",326000,"ES",0,0,1,"CONSU-00056","","","","","A","UN",1,"","","",""
"S","ES2603SES00000001","ES2603INV00000001",327000,"ES",0,0,1,"CONSU-00057","20-6128","1","","","A","UN",1,"","","",""
"S","ES2603SES00000001","ES2603INV00000001",328000,"ES",0,0,1,"CONSU-00058","","","","","A","UN",1,"","","",""
"S","ES2603SES00000001","ES2603INV00000001",329000,"ES",0,0,1,"CONSU-00059","24-0061","00001","","","A","UN",1,"","","",""
"S","ES2603SES00000001","ES2603INV00000001",330000,"ES",0,0,1,"CONSU-00060","20-3372","1","","","A","UN",1,"","","",""
"S","ES2603SES00000001","ES2603INV00000001",331000,"ES",0,0,1,"CONSU-00062","","","","","A","UN",1,"","","",""
"S","ES2603SES00000001","ES2603INV00000001",332000,"ES",0,0,1,"CONSU-00063","21-7547","00001","","","A","UN",1,"","","",""
"S","ES2603SES00000001","ES2603INV00000001",333000,"ES",0,0,1,"CONSU-00063","21-7547","00003","","","A","UN",1,"","","",""
"S","ES2603SES00000001","ES2603INV00000001",334000,"ES",0,0,1,"CONSU-00063","21-0189","00001","","","A","UN",1,"","","",""
"S","ES2603SES00000001","ES2603INV00000001",335000,"ES",0,0,1,"CONSU-00064","24-8918","00001","","","A","UN",1,"","","",""
"S","ES2603SES00000001","ES2603INV00000001",336000,"ES",0,0,1,"CONSU-00065","24-2873","00001","","","A","UN",1,"","","",""
"S","ES2603SES00000001","ES2603INV00000001",337000,"ES",0,0,1,"CONSU-00067","","","","","A","UN",1,"","","",""
"S","ES2603SES00000001","ES2603INV00000001",338000,"ES",0,0,1,"CONSU-00068","24-7713","00003","","","A","UN",1,"","","",""
"S","ES2603SES00000001","ES2603INV00000001",339000,"ES",0,0,1,"CONSU-00068","24-7713","00004","","","A","UN",1,"","","",""
"S","ES2603SES00000001","ES2603INV00000001",340000,"ES",0,0,1,"CONSU-00068","24-7894","00001","","","A","UN",1,"","","",""
"S","ES2603SES00000001","ES2603INV00000001",341000,"ES",0,0,1,"CONSU-00068","24-7894","00002","","","A","UN",1,"","","",""
"S","ES2603SES00000001","ES2603INV00000001",342000,"ES",0,0,1,"CONSU-00068","24-7894","00004","","","A","UN",1,"","","",""
"S","ES2603SES00000001","ES2603INV00000001",343000,"ES",0,0,1,"CONSU-00068","24-8598","00001","","","A","UN",1,"","","",""
"S","ES2603SES00000001","ES2603INV00000001",344000,"ES",0,0,1,"CONSU-00068","24-8707","00001","","","A","UN",1,"","","",""
"S","ES2603SES00000001","ES2603INV00000001",345000,"ES",0,0,1,"CONSU-00068","24-8707","00002","","","A","UN",1,"","","",""
"S","ES2603SES00000001","ES2603INV00000001",346000,"ES",0,0,1,"CONSU-00068","24-8707","00003","","","A","UN",1,"","","",""
"S","ES2603SES00000001","ES2603INV00000001",347000,"ES",0,0,1,"CONSU-00068","24-8919","00001","","","A","UN",1,"","","",""
"S","ES2603SES00000001","ES2603INV00000001",348000,"ES",0,0,1,"CONSU-00068","24-8919","00002","","","A","UN",1,"","","",""
"S","ES2603SES00000001","ES2603INV00000001",349000,"ES",0,0,1,"CONSU-00068","24-8919","00003","","","A","UN",1,"","","",""
"S","ES2603SES00000001","ES2603INV00000001",350000,"ES",0,0,1,"CONSU-00068","24-8919","00004","","","A","UN",1,"","","",""
"S","ES2603SES00000001","ES2603INV00000001",351000,"ES",0,0,1,"CONSU-00068","24-8976","00001","","","A","UN",1,"","","",""
"S","ES2603SES00000001","ES2603INV00000001",352000,"ES",0,0,1,"CONSU-00068","24-8976","00002","","","A","UN",1,"","","",""
"S","ES2603SES00000001","ES2603INV00000001",353000,"ES",0,0,1,"CONSU-00068","24-8976","00003","","","A","UN",1,"","","",""
"S","ES2603SES00000001","ES2603INV00000001",354000,"ES",0,0,1,"CONSU-00068","24-8976","00004","","","A","UN",1,"","","",""
"S","ES2603SES00000001","ES2603INV00000001",355000,"ES",0,0,1,"CONSU-00068","24-8976","00005","","","A","UN",1,"","","",""
"S","ES2603SES00000001","ES2603INV00000001",356000,"ES",0,0,1,"CONSU-00068","LOTE1","00012","","","A","UN",1,"","","",""
"S","ES2603SES00000001","ES2603INV00000001",357000,"ES",0,0,1,"CONSU-00068","LOTE1","00010","","","A","UN",1,"","","",""
"S","ES2603SES00000001","ES2603INV00000001",358000,"ES",0,0,1,"CONSU-00068","LOTE1","00011","","","A","UN",1,"","","",""
"S","ES2603SES00000001","ES2603INV00000001",359000,"ES",0,0,1,"CONSU-00068","LOTE1","00016","","","A","UN",1,"","","",""
"S","ES2603SES00000001","ES2603INV00000001",360000,"ES",0,0,1,"CONSU-00068","LOTE1","00017","","","A","UN",1,"","","",""
"S","ES2603SES00000001","ES2603INV00000001",361000,"ES",0,0,1,"CONSU-00068","LOTE1","00018","","","A","UN",1,"","","",""
"S","ES2603SES00000001","ES2603INV00000001",362000,"ES",0,0,1,"CONSU-00068","LOTE1","00019","","","A","UN",1,"","","",""
"S","ES2603SES00000001","ES2603INV00000001",363000,"ES",0,0,1,"CONSU-00068","LOTE1","00020","","","A","UN",1,"","","",""
"S","ES2603SES00000001","ES2603INV00000001",364000,"ES",0,0,1,"CONSU-00068","LOTE1","00023","","","A","UN",1,"","","",""
"S","ES2603SES00000001","ES2603INV00000001",365000,"ES",0,0,1,"CONSU-00068","LOTE1","00024","","","A","UN",1,"","","",""
"S","ES2603SES00000001","ES2603INV00000001",366000,"ES",0,0,1,"CONSU-00068","LOTE1","00025","","","A","UN",1,"","","",""
"S","ES2603SES00000001","ES2603INV00000001",367000,"ES",0,0,1,"CONSU-00068","LOTE1","00026","","","A","UN",1,"","","",""
"S","ES2603SES00000001","ES2603INV00000001",368000,"ES",0,0,1,"CONSU-00068","LOTE1","00027","","","A","UN",1,"","","",""
"S","ES2603SES00000001","ES2603INV00000001",369000,"ES",0,0,1,"CONSU-00068","LOTE1","00022","","","A","UN",1,"","","",""
"S","ES2603SES00000001","ES2603INV00000001",370000,"ES",0,0,1,"CONSU-00068","LOTE1","00029","","","A","UN",1,"","","",""
"S","ES2603SES00000001","ES2603INV00000001",371000,"ES",0,0,1,"CONSU-00068","LOTE1","00030","","","A","UN",1,"","","",""
"S","ES2603SES00000001","ES2603INV00000001",372000,"ES",0,0,1,"CONSU-00068","LOTE1","00031","","","A","UN",1,"","","",""
"S","ES2603SES00000001","ES2603INV00000001",373000,"ES",0,0,1,"CONSU-00068","LOTE1","00028","","","A","UN",1,"","","",""
"S","ES2603SES00000001","ES2603INV00000001",374000,"ES",0,0,1,"CONSU-00068","LOTE1","00032","","","A","UN",1,"","","",""
"S","ES2603SES00000001","ES2603INV00000001",375000,"ES",0,0,1,"CONSU-00068","LOTE1","00033","","","A","UN",1,"","","",""
"S","ES2603SES00000001","ES2603INV00000001",376000,"ES",0,0,1,"CONSU-00068","LOTE1","00034","","","A","UN",1,"","","",""
"S","ES2603SES00000001","ES2603INV00000001",377000,"ES",0,0,1,"CONSU-00068","LOTE1","00035","","","A","UN",1,"","","",""
"S","ES2603SES00000001","ES2603INV00000001",378000,"ES",0,0,1,"CONSU-00068","LOTE1","00036","","","A","UN",1,"","","",""
"S","ES2603SES00000001","ES2603INV00000001",379000,"ES",0,0,1,"CONSU-00068","LOTE1","00037","","","A","UN",1,"","","",""
"S","ES2603SES00000001","ES2603INV00000001",380000,"ES",0,0,1,"CONSU-00068","LOTE1","00040","","","A","UN",1,"","","",""
"S","ES2603SES00000001","ES2603INV00000001",381000,"ES",0,0,1,"CONSU-00068","LOTE1","00041","","","A","UN",1,"","","",""
"S","ES2603SES00000001","ES2603INV00000001",382000,"ES",0,0,1,"CONSU-00068","LOTE1","00042","","","A","UN",1,"","","",""
"S","ES2603SES00000001","ES2603INV00000001",383000,"ES",0,0,1,"CONSU-00068","teslk1","00001","","","A","UN",1,"","","",""
"S","ES2603SES00000001","ES2603INV00000001",384000,"ES",0,0,1,"CONSU-00069","","","","","A","UN",1,"","","",""
"S","ES2603SES00000001","ES2603INV00000001",385000,"ES",0,0,1,"CONSU-00070","","","","","A","UN",1,"","","",""
"S","ES2603SES00000001","ES2603INV00000001",386000,"ES",0,0,1,"CONSU-00073","24-7014","00001","","","A","UN",1,"","","",""
"S","ES2603SES00000001","ES2603INV00000001",387000,"ES",0,0,1,"CONSU-00080","24-3695","00001","","","A","UN",1,"","","",""
"S","ES2603SES00000001","ES2603INV00000001",388000,"ES",0,0,1,"CONSU-00081","24-8403","00001","","","A","UN",1,"","","",""
"S","ES2603SES00000001","ES2603INV00000001",389000,"ES",0,0,1,"CONSU-00081","24-8588","00001","","","A","UN",1,"","","",""
"S","ES2603SES00000001","ES2603INV00000001",390000,"ES",0,0,1,"CONSU-00082","23-2175","00001","","","A","UN",1,"","","",""
"S","ES2603SES00000001","ES2603INV00000001",391000,"ES",0,0,1,"CONSU-00083","12345","12345","","F0101","A","UN",1,"","","",""
"S","ES2603SES00000001","ES2603INV00000001",392000,"ES",0,0,1,"CONSU-00083","25-0005","00004","","F0101","A","UN",1,"","","",""
"S","ES2603SES00000001","ES2603INV00000001",393000,"ES",0,0,1,"CONSU-00083","25-0005","00005","","F0101","A","UN",1,"","","",""
"S","ES2603SES00000001","ES2603INV00000001",394000,"ES",0,0,1,"CONSU-00083","25-0005","00006","","F0101","A","UN",1,"","","",""
"S","ES2603SES00000001","ES2603INV00000001",395000,"ES",0,0,1,"CONSU-00083","25-0005","00007","","F0101","A","UN",1,"","","",""
"S","ES2603SES00000001","ES2603INV00000001",396000,"ES",0,0,1,"CONSU-00083","25-0005","00008","","F0101","A","UN",1,"","","",""
"S","ES2603SES00000001","ES2603INV00000001",397000,"ES",0,0,1,"CONSU-00083","25-0005","00009","","F0101","A","UN",1,"","","",""
"S","ES2603SES00000001","ES2603INV00000001",398000,"ES",0,0,1,"CONSU-00083","25-0005","00011","","F0101","A","UN",1,"","","",""
"S","ES2603SES00000001","ES2603INV00000001",399000,"ES",0,0,1,"CONSU-00083","25-0005","00012","","F0101","A","UN",1,"","","",""
"S","ES2603SES00000001","ES2603INV00000001",400000,"ES",0,0,1,"CONSU-00083","25-0005","00013","","F0101","A","UN",1,"","","",""
"S","ES2603SES00000001","ES2603INV00000001",401000,"ES",0,0,1,"CONSU-00083","25-0005","00014","","F0101","A","UN",1,"","","",""
"S","ES2603SES00000001","ES2603INV00000001",402000,"ES",0,0,1,"CONSU-00083","25-0005","00015","","F0101","A","UN",1,"","","",""
"S","ES2603SES00000001","ES2603INV00000001",403000,"ES",0,0,1,"CONSU-00083","25-0005","00016","","F0101","A","UN",1,"","","",""
"S","ES2603SES00000001","ES2603INV00000001",404000,"ES",0,0,1,"CONSU-00083","25-0005","00017","","F0101","A","UN",1,"","","",""
"S","ES2603SES00000001","ES2603INV00000001",405000,"ES",0,0,1,"CONSU-00083","25-0005","00018","","F0101","A","UN",1,"","","",""
"S","ES2603SES00000001","ES2603INV00000001",406000,"ES",0,0,1,"CONSU-00083","25-0005","00019","","F0101","A","UN",1,"","","",""
"S","ES2603SES00000001","ES2603INV00000001",407000,"ES",0,0,1,"CONSU-00083","25-0005","00020","","F0101","A","UN",1,"","","",""
"S","ES2603SES00000001","ES2603INV00000001",408000,"ES",0,0,1,"CONSU-00083","25-0005","00021","","F0101","A","UN",1,"","","",""
"S","ES2603SES00000001","ES2603INV00000001",409000,"ES",0,0,1,"CONSU-00083","25-0005","00022","","F0101","A","UN",1,"","","",""
"S","ES2603SES00000001","ES2603INV00000001",410000,"ES",0,0,1,"CONSU-00083","25-0005","00023","","F0101","A","UN",1,"","","",""
"S","ES2603SES00000001","ES2603INV00000001",411000,"ES",0,0,1,"CONSU-00083","25-0005","00024","","F0101","A","UN",1,"","","",""
"S","ES2603SES00000001","ES2603INV00000001",412000,"ES",0,0,1,"CONSU-00083","25-0005","00025","","F0101","A","UN",1,"","","",""
"S","ES2603SES00000001","ES2603INV00000001",413000,"ES",0,0,1,"CONSU-00083","25-0005","00027","","F0101","A","UN",1,"","","",""
"S","ES2603SES00000001","ES2603INV00000001",414000,"ES",0,0,1,"CONSU-00083","25-0005","00026","","F0101","A","UN",1,"","","",""
"S","ES2603SES00000001","ES2603INV00000001",415000,"ES",0,0,1,"CONSU-00083","25-0005","00028","","F0101","A","UN",1,"","","",""
"S","ES2603SES00000001","ES2603INV00000001",416000,"ES",0,0,1,"CONSU-00083","25-0005","00029","","F0101","A","UN",1,"","","",""
"S","ES2603SES00000001","ES2603INV00000001",417000,"ES",0,0,1,"CONSU-00083","25-0005","00030","","F0101","A","UN",1,"","","",""
"S","ES2603SES00000001","ES2603INV00000001",418000,"ES",0,0,1,"CONSU-00083","25-0005","00031","","F0101","A","UN",1,"","","",""
"S","ES2603SES00000001","ES2603INV00000001",419000,"ES",0,0,1,"CONSU-00083","25-0005","00032","","F0101","A","UN",1,"","","",""
"S","ES2603SES00000001","ES2603INV00000001",420000,"ES",0,0,1,"CONSU-00083","25-0005","00033","","F0101","A","UN",1,"","","",""
"S","ES2603SES00000001","ES2603INV00000001",421000,"ES",0,0,1,"CONSU-00083","25-0030","00001","","F0101","A","UN",1,"","","",""
"S","ES2603SES00000001","ES2603INV00000001",422000,"ES",0,0,1,"CONSU-00083","25-0031","00001","","F0101","A","UN",1,"","","",""
"S","ES2603SES00000001","ES2603INV00000001",423000,"ES",0,0,1,"CONSU-00083","25-0032","00001","","F0101","A","UN",1,"","","",""
"S","ES2603SES00000001","ES2603INV00000001",424000,"ES",0,0,1,"CONSU-00083","25-0033","00001","","F0101","A","UN",1,"","","",""
"S","ES2603SES00000001","ES2603INV00000001",425000,"ES",0,0,1,"CONSU-00083","25-0034","00001","","F0101","A","UN",1,"","","",""
"S","ES2603SES00000001","ES2603INV00000001",426000,"ES",0,0,1,"CONSU-00083","25-0035","00001","","F0101","A","UN",1,"","","",""
"S","ES2603SES00000001","ES2603INV00000001",427000,"ES",0,0,1,"CONSU-00083","25-0036","00001","","F0101","A","UN",1,"","","",""
"S","ES2603SES00000001","ES2603INV00000001",428000,"ES",0,0,1,"CONSU-00083","25-0037","00001","","F0101","A","UN",1,"","","",""
"S","ES2603SES00000001","ES2603INV00000001",429000,"ES",0,0,1,"CONSU-00083","25-0038","00001","","F0101","A","UN",1,"","","",""
"S","ES2603SES00000001","ES2603INV00000001",430000,"ES",0,0,1,"CONSU-00083","25-0040","00001","","F0101","A","UN",1,"","","",""
"S","ES2603SES00000001","ES2603INV00000001",431000,"ES",0,0,1,"CONSU-00083","25-0047","00001","","F0101","A","UN",1,"","","",""
"S","ES2603SES00000001","ES2603INV00000001",432000,"ES",0,0,1,"CONSU-00083","25-0047","00002","","F0101","A","UN",1,"","","",""
"S","ES2603SES00000001","ES2603INV00000001",433000,"ES",0,0,1,"CONSU-00083","25-0049","00001","","F0101","A","UN",1,"","","",""
"S","ES2603SES00000001","ES2603INV00000001",434000,"ES",0,0,1,"CONSU-00083","25-0050","00001","","F0101","A","UN",1,"","","",""
"S","ES2603SES00000001","ES2603INV00000001",435000,"ES",0,0,1,"CONSU-00083","25-0052","00001","","F0101","A","UN",1,"","","",""
"S","ES2603SES00000001","ES2603INV00000001",436000,"ES",0,0,1,"CONSU-00083","25-0053","00001","","F0101","A","UN",1,"","","",""
"S","ES2603SES00000001","ES2603INV00000001",437000,"ES",0,0,1,"CONSU-00083","25-0055","00001","","F0101","A","UN",1,"","","",""
"S","ES2603SES00000001","ES2603INV00000001",438000,"ES",0,0,1,"CONSU-00083","25-0056","00001","","F0101","A","UN",1,"","","",""
"S","ES2603SES00000001","ES2603INV00000001",439000,"ES",0,0,1,"CONSU-00083","25-0074","00001","","F0101","A","UN",1,"","","",""
"S","ES2603SES00000001","ES2603INV00000001",440000,"ES",0,0,1,"CONSU-00083","25-0075","00001","","F0101","A","UN",1,"","","",""
"S","ES2603SES00000001","ES2603INV00000001",441000,"ES",0,0,1,"CONSU-00083","25-0077","00001","","F0101","A","UN",1,"","","",""
"S","ES2603SES00000001","ES2603INV00000001",442000,"ES",0,0,1,"CONSU-00083","25-0078","00001","","F0101","A","UN",1,"","","",""
"S","ES2603SES00000001","ES2603INV00000001",443000,"ES",0,0,1,"CONSU-00083","25-0080","00001","","F0101","A","UN",1,"","","",""
"S","ES2603SES00000001","ES2603INV00000001",444000,"ES",0,0,1,"CONSU-00083","25-0081","00001","","F0101","A","UN",1,"","","",""
"S","ES2603SES00000001","ES2603INV00000001",445000,"ES",0,0,1,"CONSU-00083","25-0083","00001","","F0101","A","UN",1,"","","",""
"S","ES2603SES00000001","ES2603INV00000001",446000,"ES",0,0,1,"CONSU-00083","25-0086","00001","","F0101","A","UN",1,"","","",""
"S","ES2603SES00000001","ES2603INV00000001",447000,"ES",0,0,1,"CONSU-00083","25-0087","00001","","F0101","A","UN",1,"","","",""
"S","ES2603SES00000001","ES2603INV00000001",448000,"ES",0,0,1,"CONSU-00083","25-0092","00001","","F0101","A","UN",1,"","","",""
"S","ES2603SES00000001","ES2603INV00000001",449000,"ES",0,0,1,"CONSU-00083","25-0092","00002","","F0101","A","UN",1,"","","",""
"S","ES2603SES00000001","ES2603INV00000001",450000,"ES",0,0,1,"CONSU-00083","25-0005","00034","","F0101","A","UN",1,"","","",""
"S","ES2603SES00000001","ES2603INV00000001",451000,"ES",0,0,1,"CONSU-00083","25-0005","00035","","F0101","A","UN",1,"","","",""
"S","ES2603SES00000001","ES2603INV00000001",452000,"ES",0,0,1,"CONSU-00083","25-0005","00036","","F0101","A","UN",1,"","","",""
"S","ES2603SES00000001","ES2603INV00000001",453000,"ES",0,0,1,"CONSU-00083","25-0005","00037","","F0101","A","UN",1,"","","",""
"S","ES2603SES00000001","ES2603INV00000001",454000,"ES",0,0,1,"CONSU-00083","25-0005","00038","","F0101","A","UN",1,"","","",""
"S","ES2603SES00000001","ES2603INV00000001",455000,"ES",0,0,1,"CONSU-00083","25-0005","00039","","F0101","A","UN",1,"","","",""
"S","ES2603SES00000001","ES2603INV00000001",456000,"ES",0,0,1,"CONSU-00083","25-0005","00040","","F0101","A","UN",1,"","","",""
"S","ES2603SES00000001","ES2603INV00000001",457000,"ES",0,0,1,"CONSU-00083","25-0005","00041","","F0101","A","UN",1,"","","",""
"S","ES2603SES00000001","ES2603INV00000001",458000,"ES",0,0,1,"CONSU-00083","25-0005","00042","","F0101","A","UN",1,"","","",""
"S","ES2603SES00000001","ES2603INV00000001",459000,"ES",0,0,1,"CONSU-00083","25-0005","00043","","F0101","A","UN",1,"","","",""
"S","ES2603SES00000001","ES2603INV00000001",460000,"ES",0,0,1,"CONSU-00083","25-0005","00044","","F0101","A","UN",1,"","","",""
"S","ES2603SES00000001","ES2603INV00000001",461000,"ES",0,0,1,"CONSU-00083","25-0005","00045","","F0101","A","UN",1,"","","",""
"S","ES2603SES00000001","ES2603INV00000001",462000,"ES",0,0,1,"CONSU-00083","25-0005","00046","","F0101","A","UN",1,"","","",""
"S","ES2603SES00000001","ES2603INV00000001",463000,"ES",0,0,1,"CONSU-00083","25-0005","00047","","F0101","A","UN",1,"","","",""
"S","ES2603SES00000001","ES2603INV00000001",464000,"ES",0,0,1,"CONSU-00083","25-0005","00048","","F0101","A","UN",1,"","","",""
"S","ES2603SES00000001","ES2603INV00000001",465000,"ES",0,0,1,"CONSU-00083","25-0005","00049","","F0101","A","UN",1,"","","",""
"S","ES2603SES00000001","ES2603INV00000001",466000,"ES",0,0,1,"CONSU-00083","25-0005","00050","","F0101","A","UN",1,"","","",""
"S","ES2603SES00000001","ES2603INV00000001",467000,"ES",0,0,1,"CONSU-00083","25-0005","00051","","F0101","A","UN",1,"","","",""
"S","ES2603SES00000001","ES2603INV00000001",468000,"ES",0,0,1,"CONSU-00083","25-0005","00052","","F0101","A","UN",1,"","","",""
"S","ES2603SES00000001","ES2603INV00000001",469000,"ES",0,0,1,"CONSU-00083","25-0005","00053","","F0101","A","UN",1,"","","",""
"S","ES2603SES00000001","ES2603INV00000001",470000,"ES",0,0,1,"CONSU-00083","25-0005","00054","","F0101","A","UN",1,"","","",""
"S","ES2603SES00000001","ES2603INV00000001",471000,"ES",0,0,1,"CONSU-00083","25-0005","00055","","F0101","A","UN",1,"","","",""
"S","ES2603SES00000001","ES2603INV00000001",472000,"ES",0,0,1,"CONSU-00083","25-0005","00056","","F0101","A","UN",1,"","","",""
"S","ES2603SES00000001","ES2603INV00000001",473000,"ES",0,0,1,"CONSU-00083","25-0005","00057","","F0101","A","UN",1,"","","",""
"S","ES2603SES00000001","ES2603INV00000001",474000,"ES",0,0,1,"CONSU-00083","25-0005","00058","","F0101","A","UN",1,"","","",""
"S","ES2603SES00000001","ES2603INV00000001",475000,"ES",0,0,1,"CONSU-00083","25-0005","00059","","F0101","A","UN",1,"","","",""
"S","ES2603SES00000001","ES2603INV00000001",476000,"ES",0,0,1,"CONSU-00083","25-0005","00060","","F0101","A","UN",1,"","","",""
"S","ES2603SES00000001","ES2603INV00000001",477000,"ES",0,0,1,"CONSU-00083","25-0005","00061","","F0101","A","UN",1,"","","",""
"S","ES2603SES00000001","ES2603INV00000001",478000,"ES",0,0,1,"CONSU-00083","25-0005","00062","","F0101","A","UN",1,"","","",""
"S","ES2603SES00000001","ES2603INV00000001",479000,"ES",0,0,1,"CONSU-00083","test1","teop","","F0101","A","UN",1,"","","",""
"S","ES2603SES00000001","ES2603INV00000001",480000,"ES",0,0,1,"CONSU-00083","25-0005","00063","","F0101","A","UN",1,"","","",""
"S","ES2603SES00000001","ES2603INV00000001",481000,"ES",0,0,1,"CONSU-00083","25-0005","00064","","F0101","A","UN",1,"","","",""
"S","ES2603SES00000001","ES2603INV00000001",482000,"ES",0,0,1,"CONSU-00083","25-0005","00065","","F0101","A","UN",1,"","","",""
"S","ES2603SES00000001","ES2603INV00000001",483000,"ES",0,0,1,"CONSU-00083","25-0005","00066","","F0101","A","UN",1,"","","",""
"S","ES2603SES00000001","ES2603INV00000001",484000,"ES",0,0,1,"CONSU-00083","25-0005","00067","","F0101","A","UN",1,"","","",""
"S","ES2603SES00000001","ES2603INV00000001",485000,"ES",0,0,1,"CONSU-00083","25-0005","00068","","F0101","A","UN",1,"","","",""
"S","ES2603SES00000001","ES2603INV00000001",486000,"ES",0,0,1,"CONSU-00083","25-0005","00069","","F0101","A","UN",1,"","","",""
"S","ES2603SES00000001","ES2603INV00000001",487000,"ES",0,0,1,"CONSU-00083","25-0005","00070","","F0101","A","UN",1,"","","",""
"S","ES2603SES00000001","ES2603INV00000001",488000,"ES",0,0,1,"CONSU-00083","25-0005","00071","","F0101","A","UN",1,"","","",""
"S","ES2603SES00000001","ES2603INV00000001",489000,"ES",0,0,1,"CONSU-00083","25-0005","00072","","F0101","A","UN",1,"","","",""
"S","ES2603SES00000001","ES2603INV00000001",490000,"ES",0,0,1,"CONSU-00083","25-0005","00073","","F0101","A","UN",1,"","","",""
"S","ES2603SES00000001","ES2603INV00000001",491000,"ES",0,0,1,"CONSU-00083","25-0005","00074","","F0101","A","UN",1,"","","",""
"S","ES2603SES00000001","ES2603INV00000001",492000,"ES",0,0,1,"CONSU-00083","25-0005","00075","","F0101","A","UN",1,"","","",""
"S","ES2603SES00000001","ES2603INV00000001",493000,"ES",0,0,1,"CONSU-00083","25-0005","00076","","F0101","A","UN",1,"","","",""
"S","ES2603SES00000001","ES2603INV00000001",494000,"ES",0,0,1,"CONSU-00083","25-0005","00077","","F0101","A","UN",1,"","","",""
"S","ES2603SES00000001","ES2603INV00000001",495000,"ES",0,0,1,"CONSU-00083","25-0005","00078","","F0101","A","UN",1,"","","",""
"S","ES2603SES00000001","ES2603INV00000001",496000,"ES",0,0,1,"CONSU-00083","25-0005","00079","","F0101","A","UN",1,"","","",""
"S","ES2603SES00000001","ES2603INV00000001",497000,"ES",0,0,1,"CONSU-00083","25-0005","00080","","F0101","A","UN",1,"","","",""
"S","ES2603SES00000001","ES2603INV00000001",498000,"ES",0,0,1,"CONSU-00083","25-0005","00081","","F0101","A","UN",1,"","","",""
"S","ES2603SES00000001","ES2603INV00000001",499000,"ES",0,0,1,"CONSU-00083","25-0005","00082","","F0101","A","UN",1,"","","",""
"S","ES2603SES00000001","ES2603INV00000001",500000,"ES",0,0,1,"CONSU-00083","25-0005","00083","","F0101","A","UN",1,"","","",""
"S","ES2603SES00000001","ES2603INV00000001",501000,"ES",0,0,1,"CONSU-00083","25-0005","00084","","F0101","A","UN",1,"","","",""
"S","ES2603SES00000001","ES2603INV00000001",502000,"ES",0,0,1,"CONSU-00083","25-0005","00085","","F0101","A","UN",1,"","","",""
"S","ES2603SES00000001","ES2603INV00000001",503000,"ES",0,0,1,"CONSU-00083","25-0005","00086","","F0101","A","UN",1,"","","",""
"S","ES2603SES00000001","ES2603INV00000001",504000,"ES",0,0,1,"CONSU-00083","25-0005","00087","","F0101","A","UN",1,"","","",""
"S","ES2603SES00000001","ES2603INV00000001",505000,"ES",0,0,1,"CONSU-00083","25-0005","00088","","F0101","A","UN",1,"","","",""
"S","ES2603SES00000001","ES2603INV00000001",506000,"ES",0,0,1,"CONSU-00083","25-0005","00089","","F0101","A","UN",1,"","","",""
"S","ES2603SES00000001","ES2603INV00000001",507000,"ES",0,0,1,"CONSU-00083","25-0005","00090","","F0101","A","UN",1,"","","",""
"S","ES2603SES00000001","ES2603INV00000001",508000,"ES",0,0,1,"CONSU-00083","25-0005","00091","","F0101","A","UN",1,"","","",""
"S","ES2603SES00000001","ES2603INV00000001",509000,"ES",0,0,1,"CONSU-00083","25-0005","00092","","F0101","A","UN",1,"","","",""
"S","ES2603SES00000001","ES2603INV00000001",510000,"ES",0,0,1,"CONSU-00083","25-0005","00093","","F0101","A","UN",1,"","","",""
"S","ES2603SES00000001","ES2603INV00000001",511000,"ES",0,0,1,"CONSU-00083","25-0005","00094","","F0101","A","UN",1,"","","",""
"S","ES2603SES00000001","ES2603INV00000001",512000,"ES",0,0,1,"CONSU-00083","25-0005","00095","","F0101","A","UN",1,"","","",""
"S","ES2603SES00000001","ES2603INV00000001",513000,"ES",0,0,1,"CONSU-00083","25-0005","00096","","F0101","A","UN",1,"","","",""
"S","ES2603SES00000001","ES2603INV00000001",514000,"ES",0,0,1,"CONSU-00083","25-0005","00097","","F0101","A","UN",1,"","","",""
"S","ES2603SES00000001","ES2603INV00000001",515000,"ES",0,0,1,"CONSU-00083","25-0005","00098","","F0101","A","UN",1,"","","",""
"S","ES2603SES00000001","ES2603INV00000001",516000,"ES",0,0,1,"CONSU-00083","25-0005","00099","","F0101","A","UN",1,"","","",""
"S","ES2603SES00000001","ES2603INV00000001",517000,"ES",0,0,1,"CONSU-00083","25-0005","00100","","F0101","A","UN",1,"","","",""
"S","ES2603SES00000001","ES2603INV00000001",518000,"ES",0,0,1,"CONSU-00083","25-0007","undef","","F0101","A","UN",1,"","","",""
"S","ES2603SES00000001","ES2603INV00000001",519000,"ES",0,0,1,"CONSU-00083","L7","00001","","F0101","A","UN",1,"","","",""
"S","ES2603SES00000001","ES2603INV00000001",520000,"ES",0,0,1,"CONSU-00083","25-0012","undef","","F0101","A","UN",1,"","","",""
"S","ES2603SES00000001","ES2603INV00000001",521000,"ES",0,0,1,"CONSU-00083","TETSlote11","00001","","F0101","A","UN",1,"","","",""
"S","ES2603SES00000001","ES2603INV00000001",522000,"ES",0,0,1,"CONSU-00083","TETL1","00001","","F0101","A","UN",1,"","","",""
"S","ES2603SES00000001","ES2603INV00000001",523000,"ES",0,0,1,"CONSU-00083","TETL1","00002","","F0101","A","UN",1,"","","",""
"S","ES2603SES00000001","ES2603INV00000001",524000,"ES",0,0,1,"CONSU-00083","TETL1","00003","","F0101","A","UN",1,"","","",""
"S","ES2603SES00000001","ES2603INV00000001",525000,"ES",0,0,1,"CONSU-00083","TETL1","00004","","F0101","A","UN",1,"","","",""
"S","ES2603SES00000001","ES2603INV00000001",526000,"ES",0,0,1,"CONSU-00083","TETL1","00005","","F0101","A","UN",1,"","","",""
"S","ES2603SES00000001","ES2603INV00000001",527000,"ES",0,0,1,"CONSU-00083","tefd1","00001","","F0101","A","UN",1,"","","",""
"S","ES2603SES00000001","ES2603INV00000001",528000,"ES",0,0,1,"CONSU-00083","ter","00001","","F0101","A","UN",1,"","","",""
"S","ES2603SES00000001","ES2603INV00000001",529000,"ES",0,0,1,"CONSU-00083","FR","00002","","F0101","A","UN",1,"","","",""
"S","ES2603SES00000001","ES2603INV00000001",530000,"ES",0,0,1,"CONSU-00083","sdf","0001","","F0101","A","UN",1,"","","",""
"S","ES2603SES00000001","ES2603INV00000001",531000,"ES",0,0,1,"CONSU-00083","L2","00011","","F0101","A","UN",1,"","","",""
"S","ES2603SES00000001","ES2603INV00000001",532000,"ES",0,0,1,"CONSU-00083","test111","00001","","F0101","A","UN",1,"","","",""
"S","ES2603SES00000001","ES2603INV00000001",533000,"ES",0,0,1,"CONSU-00083","test111","00002","","F0101","A","UN",1,"","","",""
"S","ES2603SES00000001","ES2603INV00000001",534000,"ES",0,0,1,"CONSU-00083","25-0026","00001","","F0101","A","UN",1,"","","",""
"S","ES2603SES00000001","ES2603INV00000001",535000,"ES",0,0,1,"CONSU-00083","25-0027","00001","","F0101","A","UN",1,"","","",""
"S","ES2603SES00000001","ES2603INV00000001",536000,"ES",0,0,1,"CONSU-00083","25-0028","00001","","F0101","A","UN",1,"","","",""
"S","ES2603SES00000001","ES2603INV00000001",537000,"ES",0,0,1,"CONSU-00083","25-0028","00002","","F0101","A","UN",1,"","","",""
"S","ES2603SES00000001","ES2603INV00000001",538000,"ES",0,0,1,"CONSU-00083","25-0029","00001","","F0101","A","UN",1,"","","",""
"S","ES2603SES00000001","ES2603INV00000001",539000,"ES",0,0,1,"CONSU-00083","ered1","00001","","F0101","A","UN",1,"","","",""
"S","ES2603SES00000001","ES2603INV00000001",540000,"ES",0,0,1,"CONSU-00083","ered1","00002","","F0101","A","UN",1,"","","",""
"S","ES2603SES00000001","ES2603INV00000001",541000,"ES",0,0,1,"CONSU-00083","1981891","00001","","F0101","A","UN",1,"","","",""
"S","ES2603SES00000001","ES2603INV00000001",542000,"ES",0,0,1,"CONSU-00083","25-0093","00002","","F0101","A","UN",1,"","","",""
"S","ES2603SES00000001","ES2603INV00000001",543000,"ES",0,0,1,"CONSU-00083","25-0093","00003","","F0101","A","UN",1,"","","",""
"S","ES2603SES00000001","ES2603INV00000001",544000,"ES",0,0,1,"CONSU-00083","25-0093","00004","","F0101","A","UN",1,"","","",""
"S","ES2603SES00000001","ES2603INV00000001",545000,"ES",0,0,1,"CONSU-00083","L4","00001","","F0101","A","UN",1,"","","",""
"S","ES2603SES00000001","ES2603INV00000001",546000,"ES",0,0,1,"CONSU-00083","25-0101","001","","F0101","A","UN",1,"","","",""
"S","ES2603SES00000001","ES2603INV00000001",547000,"ES",0,0,1,"CONSU-00083","YL1","00001","","F0101","A","UN",1,"","","",""
"S","ES2603SES00000001","ES2603INV00000001",548000,"ES",0,0,1,"CONSU-00083","GRTEST","00001","","G0202","A","UN",1,"","","",""
"S","ES2603SES00000001","ES2603INV00000001",549000,"ES",0,0,1,"CONSU-00083","GRTEST","00002","","G0202","A","UN",1,"","","",""
"S","ES2603SES00000001","ES2603INV00000001",550000,"ES",0,0,1,"CONSU-00083","GRTEST","00003","","G0202","A","UN",1,"","","",""
"S","ES2603SES00000001","ES2603INV00000001",551000,"ES",0,0,1,"CONSU-00083","GRTEST","00005","","G0202","A","UN",1,"","","",""
"S","ES2603SES00000001","ES2603INV00000001",552000,"ES",0,0,1,"CONSU-00083","GRTEST","00007","","G0202","A","UN",1,"","","",""
"S","ES2603SES00000001","ES2603INV00000001",553000,"ES",0,0,1,"CONSU-00083","GRTEST","00006","","G0202","A","UN",1,"","","",""
"S","ES2603SES00000001","ES2603INV00000001",554000,"ES",0,0,1,"CONSU-00083","GRTEST","00008","","G0202","A","UN",1,"","","",""
"S","ES2603SES00000001","ES2603INV00000001",555000,"ES",0,0,1,"CONSU-00083","GRTEST","00009","","G0202","A","UN",1,"","","",""
"S","ES2603SES00000001","ES2603INV00000001",556000,"ES",0,0,1,"CONSU-00083","GRTEST","00010","","G0202","A","UN",1,"","","",""
"S","ES2603SES00000001","ES2603INV00000001",557000,"ES",0,0,1,"CONSU-00083","TESTK","00004","","G0202","A","UN",1,"","","",""
"S","ES2603SES00000001","ES2603INV00000001",558000,"ES",0,0,1,"CONSU-00083","25-0103","00001","","G0202","A","UN",1,"","","",""
"S","ES2603SES00000001","ES2603INV00000001",559000,"ES",0,0,1,"CONSU-00083","25-0094","00001","","G0202","A","UN",1,"","","",""
"S","ES2603SES00000001","ES2603INV00000001",560000,"ES",0,0,1,"CONSU-00084","25-0013","00098","","","A","UN",1,"","","",""
"S","ES2603SES00000001","ES2603INV00000001",561000,"ES",0,0,1,"CONSU-00084","25-0013","00099","","","A","UN",1,"","","",""
"S","ES2603SES00000001","ES2603INV00000001",562000,"ES",0,0,1,"CONSU-00084","25-0013","00100","","","A","UN",1,"","","",""
"S","ES2603SES00000001","ES2603INV00000001",563000,"ES",0,0,1,"CONSU-00084","25-0013","00101","","","A","UN",1,"","","",""
"S","ES2603SES00000001","ES2603INV00000001",564000,"ES",0,0,1,"CONSU-00084","25-0013","00102","","","A","UN",1,"","","",""
"S","ES2603SES00000001","ES2603INV00000001",565000,"ES",0,0,1,"CONSU-00084","25-0013","00103","","","A","UN",1,"","","",""
"S","ES2603SES00000001","ES2603INV00000001",566000,"ES",0,0,1,"CONSU-00084","25-0013","00104","","","A","UN",1,"","","",""
"S","ES2603SES00000001","ES2603INV00000001",567000,"ES",0,0,1,"CONSU-00084","25-0013","00105","","","A","UN",1,"","","",""
"S","ES2603SES00000001","ES2603INV00000001",568000,"ES",0,0,1,"CONSU-00084","25-0013","00106","","","A","UN",1,"","","",""
"S","ES2603SES00000001","ES2603INV00000001",569000,"ES",0,0,1,"CONSU-00084","25-0013","00107","","","A","UN",1,"","","",""
"S","ES2603SES00000001","ES2603INV00000001",570000,"ES",0,0,1,"CONSU-00084","25-0013","00108","","","A","UN",1,"","","",""
"S","ES2603SES00000001","ES2603INV00000001",571000,"ES",0,0,1,"CONSU-00084","25-0013","00109","","","A","UN",1,"","","",""
"S","ES2603SES00000001","ES2603INV00000001",572000,"ES",0,0,1,"CONSU-00084","25-0013","00110","","","A","UN",1,"","","",""
"S","ES2603SES00000001","ES2603INV00000001",573000,"ES",0,0,1,"CONSU-00084","25-0013","00111","","","A","UN",1,"","","",""
"S","ES2603SES00000001","ES2603INV00000001",574000,"ES",0,0,1,"CONSU-00084","25-0013","00112","","","A","UN",1,"","","",""
"S","ES2603SES00000001","ES2603INV00000001",575000,"ES",0,0,1,"CONSU-00084","25-0013","00113","","","A","UN",1,"","","",""
"S","ES2603SES00000001","ES2603INV00000001",576000,"ES",0,0,1,"CONSU-00084","25-0013","00114","","","A","UN",1,"","","",""
"S","ES2603SES00000001","ES2603INV00000001",577000,"ES",0,0,1,"CONSU-00084","25-0013","00115","","","A","UN",1,"","","",""
"S","ES2603SES00000001","ES2603INV00000001",578000,"ES",0,0,1,"CONSU-00084","25-0013","00116","","","A","UN",1,"","","",""
"S","ES2603SES00000001","ES2603INV00000001",579000,"ES",0,0,1,"CONSU-00084","25-0013","00117","","","A","UN",1,"","","",""
"S","ES2603SES00000001","ES2603INV00000001",580000,"ES",0,0,1,"CONSU-00084","25-0013","00118","","","A","UN",1,"","","",""
"S","ES2603SES00000001","ES2603INV00000001",581000,"ES",0,0,1,"CONSU-00084","25-0013","00119","","","A","UN",1,"","","",""
"S","ES2603SES00000001","ES2603INV00000001",582000,"ES",0,0,1,"CONSU-00084","25-0013","00120","","","A","UN",1,"","","",""
"S","ES2603SES00000001","ES2603INV00000001",583000,"ES",0,0,1,"CONSU-00084","25-0013","00121","","","A","UN",1,"","","",""
"S","ES2603SES00000001","ES2603INV00000001",584000,"ES",0,0,1,"CONSU-00084","25-0013","00122","","","A","UN",1,"","","",""
"S","ES2603SES00000001","ES2603INV00000001",585000,"ES",0,0,1,"CONSU-00084","25-0013","00123","","","A","UN",1,"","","",""
"S","ES2603SES00000001","ES2603INV00000001",586000,"ES",0,0,1,"CONSU-00084","25-0013","00124","","","A","UN",1,"","","",""
"S","ES2603SES00000001","ES2603INV00000001",587000,"ES",0,0,1,"CONSU-00084","25-0013","00125","","","A","UN",1,"","","",""
"S","ES2603SES00000001","ES2603INV00000001",588000,"ES",0,0,1,"CONSU-00084","25-0013","00126","","","A","UN",1,"","","",""
"S","ES2603SES00000001","ES2603INV00000001",589000,"ES",0,0,1,"CONSU-00084","25-0013","00127","","","A","UN",1,"","","",""
"S","ES2603SES00000001","ES2603INV00000001",590000,"ES",0,0,1,"CONSU-00084","25-0013","00128","","","A","UN",1,"","","",""
"S","ES2603SES00000001","ES2603INV00000001",591000,"ES",0,0,1,"CONSU-00084","25-0013","00129","","","A","UN",1,"","","",""
"S","ES2603SES00000001","ES2603INV00000001",592000,"ES",0,0,1,"CONSU-00084","25-0013","00130","","","A","UN",1,"","","",""
"S","ES2603SES00000001","ES2603INV00000001",593000,"ES",0,0,1,"CONSU-00084","25-0013","00131","","","A","UN",1,"","","",""
"S","ES2603SES00000001","ES2603INV00000001",594000,"ES",0,0,1,"CONSU-00084","25-0013","00132","","","A","UN",1,"","","",""
"S","ES2603SES00000001","ES2603INV00000001",595000,"ES",0,0,1,"CONSU-00084","25-0013","00133","","","A","UN",1,"","","",""
"S","ES2603SES00000001","ES2603INV00000001",596000,"ES",0,0,1,"CONSU-00084","25-0013","00134","","","A","UN",1,"","","",""
"S","ES2603SES00000001","ES2603INV00000001",597000,"ES",0,0,1,"CONSU-00084","25-0013","00135","","","A","UN",1,"","","",""
"S","ES2603SES00000001","ES2603INV00000001",598000,"ES",0,0,1,"CONSU-00084","25-0013","00136","","","A","UN",1,"","","",""
"S","ES2603SES00000001","ES2603INV00000001",599000,"ES",0,0,1,"CONSU-00084","25-0013","00137","","","A","UN",1,"","","",""
"S","ES2603SES00000001","ES2603INV00000001",600000,"ES",0,0,1,"CONSU-00084","25-0013","00138","","","A","UN",1,"","","",""
"S","ES2603SES00000001","ES2603INV00000001",601000,"ES",0,0,1,"CONSU-00084","25-0013","00139","","","A","UN",1,"","","",""
"S","ES2603SES00000001","ES2603INV00000001",602000,"ES",0,0,1,"CONSU-00084","25-0013","00140","","","A","UN",1,"","","",""
"S","ES2603SES00000001","ES2603INV00000001",603000,"ES",0,0,1,"CONSU-00084","25-0013","00141","","","A","UN",1,"","","",""
"S","ES2603SES00000001","ES2603INV00000001",604000,"ES",0,0,1,"CONSU-00084","25-0013","00142","","","A","UN",1,"","","",""
"S","ES2603SES00000001","ES2603INV00000001",605000,"ES",0,0,1,"CONSU-00084","25-0013","00143","","","A","UN",1,"","","",""
"S","ES2603SES00000001","ES2603INV00000001",606000,"ES",0,0,1,"CONSU-00084","25-0013","00144","","","A","UN",1,"","","",""
"S","ES2603SES00000001","ES2603INV00000001",607000,"ES",0,0,1,"CONSU-00084","25-0013","00145","","","A","UN",1,"","","",""
"S","ES2603SES00000001","ES2603INV00000001",608000,"ES",0,0,1,"CONSU-00084","25-0013","00146","","","A","UN",1,"","","",""
"S","ES2603SES00000001","ES2603INV00000001",609000,"ES",0,0,1,"CONSU-00084","25-0013","00147","","","A","UN",1,"","","",""
"S","ES2603SES00000001","ES2603INV00000001",610000,"ES",0,0,1,"CONSU-00084","25-0013","00148","","","A","UN",1,"","","",""
"S","ES2603SES00000001","ES2603INV00000001",611000,"ES",0,0,1,"CONSU-00084","25-0013","00149","","","A","UN",1,"","","",""
"S","ES2603SES00000001","ES2603INV00000001",612000,"ES",0,0,1,"CONSU-00084","25-0013","00150","","","A","UN",1,"","","",""
"S","ES2603SES00000001","ES2603INV00000001",613000,"ES",0,0,1,"CONSU-00084","25-0013","00151","","","A","UN",1,"","","",""
"S","ES2603SES00000001","ES2603INV00000001",614000,"ES",0,0,1,"CONSU-00084","25-0013","00152","","","A","UN",1,"","","",""
"S","ES2603SES00000001","ES2603INV00000001",615000,"ES",0,0,1,"CONSU-00084","25-0013","00153","","","A","UN",1,"","","",""
"S","ES2603SES00000001","ES2603INV00000001",616000,"ES",0,0,1,"CONSU-00084","25-0013","00154","","","A","UN",1,"","","",""
"S","ES2603SES00000001","ES2603INV00000001",617000,"ES",0,0,1,"CONSU-00084","25-0013","00155","","","A","UN",1,"","","",""
"S","ES2603SES00000001","ES2603INV00000001",618000,"ES",0,0,1,"CONSU-00084","25-0013","00156","","","A","UN",1,"","","",""
"S","ES2603SES00000001","ES2603INV00000001",619000,"ES",0,0,1,"CONSU-00084","25-0013","00157","","","A","UN",1,"","","",""
"S","ES2603SES00000001","ES2603INV00000001",620000,"ES",0,0,1,"CONSU-00084","25-0013","00158","","","A","UN",1,"","","",""
"S","ES2603SES00000001","ES2603INV00000001",621000,"ES",0,0,1,"CONSU-00084","25-0013","00159","","","A","UN",1,"","","",""
"S","ES2603SES00000001","ES2603INV00000001",622000,"ES",0,0,1,"CONSU-00084","25-0013","00160","","","A","UN",1,"","","",""
"S","ES2603SES00000001","ES2603INV00000001",623000,"ES",0,0,1,"CONSU-00084","25-0013","00161","","","A","UN",1,"","","",""
"S","ES2603SES00000001","ES2603INV00000001",624000,"ES",0,0,1,"CONSU-00084","25-0013","00162","","","A","UN",1,"","","",""
"S","ES2603SES00000001","ES2603INV00000001",625000,"ES",0,0,1,"CONSU-00084","25-0013","00163","","","A","UN",1,"","","",""
"S","ES2603SES00000001","ES2603INV00000001",626000,"ES",0,0,1,"CONSU-00084","25-0013","00164","","","A","UN",1,"","","",""
"S","ES2603SES00000001","ES2603INV00000001",627000,"ES",0,0,1,"CONSU-00084","25-0013","00165","","","A","UN",1,"","","",""
"S","ES2603SES00000001","ES2603INV00000001",628000,"ES",0,0,1,"CONSU-00084","25-0013","00166","","","A","UN",1,"","","",""
"S","ES2603SES00000001","ES2603INV00000001",629000,"ES",0,0,1,"CONSU-00084","25-0013","00167","","","A","UN",1,"","","",""
"S","ES2603SES00000001","ES2603INV00000001",630000,"ES",0,0,1,"CONSU-00084","25-0013","00168","","","A","UN",1,"","","",""
"S","ES2603SES00000001","ES2603INV00000001",631000,"ES",0,0,1,"CONSU-00084","25-0013","00169","","","A","UN",1,"","","",""
"S","ES2603SES00000001","ES2603INV00000001",632000,"ES",0,0,1,"CONSU-00084","25-0013","00170","","","A","UN",1,"","","",""
"S","ES2603SES00000001","ES2603INV00000001",633000,"ES",0,0,1,"CONSU-00084","25-0013","00171","","","A","UN",1,"","","",""
"S","ES2603SES00000001","ES2603INV00000001",634000,"ES",0,0,1,"CONSU-00084","25-0013","00172","","","A","UN",1,"","","",""
"S","ES2603SES00000001","ES2603INV00000001",635000,"ES",0,0,1,"CONSU-00084","25-0013","00173","","","A","UN",1,"","","",""
"S","ES2603SES00000001","ES2603INV00000001",636000,"ES",0,0,1,"CONSU-00084","25-0013","00174","","","A","UN",1,"","","",""
"S","ES2603SES00000001","ES2603INV00000001",637000,"ES",0,0,1,"CONSU-00084","25-0013","00175","","","A","UN",1,"","","",""
"S","ES2603SES00000001","ES2603INV00000001",638000,"ES",0,0,1,"CONSU-00084","25-0013","00176","","","A","UN",1,"","","",""
"S","ES2603SES00000001","ES2603INV00000001",639000,"ES",0,0,1,"CONSU-00084","25-0013","00177","","","A","UN",1,"","","",""
"S","ES2603SES00000001","ES2603INV00000001",640000,"ES",0,0,1,"CONSU-00084","25-0013","00178","","","A","UN",1,"","","",""
"S","ES2603SES00000001","ES2603INV00000001",641000,"ES",0,0,1,"CONSU-00084","25-0013","00179","","","A","UN",1,"","","",""
"S","ES2603SES00000001","ES2603INV00000001",642000,"ES",0,0,1,"CONSU-00084","25-0013","00180","","","A","UN",1,"","","",""
"S","ES2603SES00000001","ES2603INV00000001",643000,"ES",0,0,1,"CONSU-00084","25-0013","00181","","","A","UN",1,"","","",""
"S","ES2603SES00000001","ES2603INV00000001",644000,"ES",0,0,1,"CONSU-00084","25-0013","00182","","","A","UN",1,"","","",""
"S","ES2603SES00000001","ES2603INV00000001",645000,"ES",0,0,1,"CONSU-00084","25-0013","00183","","","A","UN",1,"","","",""
"S","ES2603SES00000001","ES2603INV00000001",646000,"ES",0,0,1,"CONSU-00084","25-0013","00184","","","A","UN",1,"","","",""
"S","ES2603SES00000001","ES2603INV00000001",647000,"ES",0,0,1,"CONSU-00084","25-0013","00185","","","A","UN",1,"","","",""
"S","ES2603SES00000001","ES2603INV00000001",648000,"ES",0,0,1,"CONSU-00084","25-0013","00186","","","A","UN",1,"","","",""
"S","ES2603SES00000001","ES2603INV00000001",649000,"ES",0,0,1,"CONSU-00084","25-0013","00187","","","A","UN",1,"","","",""
"S","ES2603SES00000001","ES2603INV00000001",650000,"ES",0,0,1,"CONSU-00084","25-0013","00188","","","A","UN",1,"","","",""
"S","ES2603SES00000001","ES2603INV00000001",651000,"ES",0,0,1,"CONSU-00084","25-0013","00189","","","A","UN",1,"","","",""
"S","ES2603SES00000001","ES2603INV00000001",652000,"ES",0,0,1,"CONSU-00084","25-0013","00190","","","A","UN",1,"","","",""
"S","ES2603SES00000001","ES2603INV00000001",653000,"ES",0,0,1,"CONSU-00084","25-0013","00191","","","A","UN",1,"","","",""
"S","ES2603SES00000001","ES2603INV00000001",654000,"ES",0,0,1,"CONSU-00084","25-0013","00192","","","A","UN",1,"","","",""
"S","ES2603SES00000001","ES2603INV00000001",655000,"ES",0,0,1,"CONSU-00084","25-0013","00193","","","A","UN",1,"","","",""
"S","ES2603SES00000001","ES2603INV00000001",656000,"ES",0,0,1,"CONSU-00084","25-0013","00194","","","A","UN",1,"","","",""
"S","ES2603SES00000001","ES2603INV00000001",657000,"ES",0,0,1,"CONSU-00084","25-0013","00195","","","A","UN",1,"","","",""
"S","ES2603SES00000001","ES2603INV00000001",658000,"ES",0,0,1,"CONSU-00084","25-0013","00196","","","A","UN",1,"","","",""
"S","ES2603SES00000001","ES2603INV00000001",659000,"ES",0,0,1,"CONSU-00084","25-0013","00197","","","A","UN",1,"","","",""
"S","ES2603SES00000001","ES2603INV00000001",660000,"ES",0,0,1,"CONSU-00084","25-0013","00198","","","A","UN",1,"","","",""
"S","ES2603SES00000001","ES2603INV00000001",661000,"ES",0,0,1,"CONSU-00084","25-0013","00199","","","A","UN",1,"","","",""
"S","ES2603SES00000001","ES2603INV00000001",662000,"ES",0,0,1,"CONSU-00084","25-0013","00200","","","A","UN",1,"","","",""
"S","ES2603SES00000001","ES2603INV00000001",663000,"ES",0,0,1,"CONSU-00086","23-0430","00001","","","A","UN",1,"","","",""
"S","ES2603SES00000001","ES2603INV00000001",664000,"ES",0,0,1,"CONSU-00087","","","","","A","UN",1,"","","",""
"S","ES2603SES00000001","ES2603INV00000001",665000,"ES",0,0,1,"CONSU-00088","22-0348","00001","","","A","UN",1,"","","",""
"S","ES2603SES00000001","ES2603INV00000001",666000,"ES",0,0,1,"CONSU-00088","20-1450","1","","","A","UN",1,"","","",""
"S","ES2603SES00000001","ES2603INV00000001",667000,"ES",0,0,1,"CONSU-00089","","","","","A","UN",1,"","","",""
"S","ES2603SES00000001","ES2603INV00000001",668000,"ES",0,0,1,"CONSU-00090","ESL20","00001","","","A","UN",1,"GR1","","",""
"S","ES2603SES00000001","ES2603INV00000001",669000,"ES",0,0,1,"CONSU-00090","ESL20","00004","","","A","UN",1,"GR4","","",""
"S","ES2603SES00000001","ES2603INV00000001",670000,"ES",0,0,1,"CONSU-00090","ESL20","00005","","","A","UN",1,"GR5","","",""
"S","ES2603SES00000001","ES2603INV00000001",671000,"ES",0,0,1,"CONSU-00090","GT1","00002","","B0207","A","UN",1,"LM2","","",""
"S","ES2603SES00000001","ES2603INV00000001",672000,"ES",0,0,1,"CONSU-00090","GT1","00003","","B0207","A","UN",1,"LM3","","",""
"S","ES2603SES00000001","ES2603INV00000001",673000,"ES",0,0,1,"CONSU-00090","ES1","00003","","F0101","A","UN",1,"HJ1000","","",""
"S","ES2603SES00000001","ES2603INV00000001",674000,"ES",0,0,1,"CONSU-00090","ES1","00004","","F0101","A","UN",1,"HJ1000","","",""
"S","ES2603SES00000001","ES2603INV00000001",675000,"ES",0,0,1,"CONSU-00090","ES1","00005","","F0101","A","UN",1,"HJ1000","","",""
"S","ES2603SES00000001","ES2603INV00000001",676000,"ES",0,0,1,"CONSU-00090","ES1","00006","","F0101","A","UN",1,"HJ1000","","",""
"S","ES2603SES00000001","ES2603INV00000001",677000,"ES",0,0,1,"CONSU-00090","ES1","00007","","F0101","A","UN",1,"HJ1000","","",""
"S","ES2603SES00000001","ES2603INV00000001",678000,"ES",0,0,1,"CONSU-00090","ES1","00008","","F0101","A","UN",1,"HJ1000","","",""
"S","ES2603SES00000001","ES2603INV00000001",679000,"ES",0,0,1,"CONSU-00090","ES1","00011","","F0101","A","UN",1,"HJ1000","","",""
"S","ES2603SES00000001","ES2603INV00000001",680000,"ES",0,0,1,"CONSU-00090","ES1","00012","","F0101","A","UN",1,"HJ1000","","",""
"S","ES2603SES00000001","ES2603INV00000001",681000,"ES",0,0,1,"CONSU-00090","ES1","00013","","F0101","A","UN",1,"HJ1000","","",""
"S","ES2603SES00000001","ES2603INV00000001",682000,"ES",0,0,1,"CONSU-00090","ES1","00014","","F0101","A","UN",1,"HJ1000","","",""
"S","ES2603SES00000001","ES2603INV00000001",683000,"ES",0,0,1,"CONSU-00090","ES1","00015","","F0101","A","UN",1,"HJ1000","","",""
"S","ES2603SES00000001","ES2603INV00000001",684000,"ES",0,0,1,"CONSU-00090","ES1","00016","","F0101","A","UN",1,"HJ1000","","",""
"S","ES2603SES00000001","ES2603INV00000001",685000,"ES",0,0,1,"CONSU-00090","ES1","00018","","F0101","A","UN",1,"HJ1000","","",""
"S","ES2603SES00000001","ES2603INV00000001",686000,"ES",0,0,1,"CONSU-00090","ES1","00019","","F0101","A","UN",1,"HJ1000","","",""
"S","ES2603SES00000001","ES2603INV00000001",687000,"ES",0,0,1,"CONSU-00090","ES1","00020","","F0101","A","UN",1,"HJ1000","","",""
"S","ES2603SES00000001","ES2603INV00000001",688000,"ES",0,0,1,"CONSU-00090","ES2","00001","","F0101","A","UN",1,"JLK11","","",""
"S","ES2603SES00000001","ES2603INV00000001",689000,"ES",0,0,1,"CONSU-00090","ES2","00002","","F0101","A","UN",1,"JLK12","","",""
"S","ES2603SES00000001","ES2603INV00000001",690000,"ES",0,0,1,"CONSU-00090","ES2","00003","","F0101","A","UN",1,"JLK13","","",""
"S","ES2603SES00000001","ES2603INV00000001",691000,"ES",0,0,1,"CONSU-00090","ES2","00004","","F0101","A","UN",1,"JLK11","","",""
"S","ES2603SES00000001","ES2603INV00000001",692000,"ES",0,0,1,"CONSU-00090","ES2","00005","","F0101","A","UN",1,"JLK14","","",""
"S","ES2603SES00000001","ES2603INV00000001",693000,"ES",0,0,1,"CONSU-00090","ES1","00001","","F0101","A","UN",1,"SERES00010","","",""
"S","ES2603SES00000001","ES2603INV00000001",694000,"ES",0,0,1,"CONSU-00090","ES1","00002","","F0101","A","UN",1,"SERES00011","","",""
"S","ES2603SES00000001","ES2603INV00000001",695000,"ES",0,0,1,"CONSU-00090","ES1","00003","","F0101","A","UN",1,"SERES00012","","",""
"S","ES2603SES00000001","ES2603INV00000001",696000,"ES",0,0,1,"CONSU-00090","ES1","00006","","F0101","A","UN",1,"SERES00015","","",""
"S","ES2603SES00000001","ES2603INV00000001",697000,"ES",0,0,1,"CONSU-00090","ES1","00007","","F0101","A","UN",1,"SERES00016","","",""
"S","ES2603SES00000001","ES2603INV00000001",698000,"ES",0,0,1,"CONSU-00090","ES1","00008","","F0101","A","UN",1,"SERES00017","","",""
"S","ES2603SES00000001","ES2603INV00000001",699000,"ES",0,0,1,"CONSU-00090","ES1","00009","","F0101","A","UN",1,"SERES00018","","",""
"S","ES2603SES00000001","ES2603INV00000001",700000,"ES",0,0,1,"CONSU-00090","ES1","00010","","F0101","A","UN",1,"SERES00019","","",""
"S","ES2603SES00000001","ES2603INV00000001",701000,"ES",0,0,1,"CONSU-00090","TEST1","00001","","F0402","A","UN",1,"SERES00001","","",""
"S","ES2603SES00000001","ES2603INV00000001",702000,"ES",0,0,1,"CONSU-00090","TEST1","00002","","F0402","A","UN",1,"SERES00002","","",""
"S","ES2603SES00000001","ES2603INV00000001",703000,"ES",0,0,1,"CONSU-00090","TEST1","00003","","F0402","A","UN",1,"SERES00003","","",""
"S","ES2603SES00000001","ES2603INV00000001",704000,"ES",0,0,1,"CONSU-00090","TEST1","00004","","F0402","A","UN",1,"SERES00004","","",""
"S","ES2603SES00000001","ES2603INV00000001",705000,"ES",0,0,1,"CONSU-00090","ESL21","00001","","F0402","A","UN",1,"SERES00005","","",""
"S","ES2603SES00000001","ES2603INV00000001",706000,"ES",0,0,1,"CONSU-00090","ESL21","00002","","F0402","A","UN",1,"SERES00006","","",""
"S","ES2603SES00000001","ES2603INV00000001",707000,"ES",0,0,1,"CONSU-00090","ESL21","00003","","F0402","A","UN",1,"SERES00007","","",""
"S","ES2603SES00000001","ES2603INV00000001",708000,"ES",0,0,1,"CONSU-00090","ESL21","00004","","F0402","A","UN",1,"SERES00008","","",""
"S","ES2603SES00000001","ES2603INV00000001",709000,"ES",0,0,1,"CONSU-00090","ESL21","00005","","F0402","A","UN",1,"SERES00009","","",""
"S","ES2603SES00000001","ES2603INV00000001",710000,"ES",0,0,1,"CONSU-00090","ES1","00017","","F0402","A","UN",1,"HJ1000","","",""
"S","ES2603SES00000001","ES2603INV00000001",711000,"ES",0,0,1,"CONSU-00091","24-5239","00001","","A0101","A","UN",1,"","","",""
"S","ES2603SES00000001","ES2603INV00000001",712000,"ES",0,0,1,"CONSU-00093","24-8124","00001","","","A","UN",1,"","","",""
"S","ES2603SES00000001","ES2603INV00000001",713000,"ES",0,0,1,"CONSU-00094","24-5319","00001","","","A","UN",1,"","","",""
"S","ES2603SES00000001","ES2603INV00000001",714000,"ES",0,0,1,"CONSU-00095","24-8111","00001","","","A","UN",1,"","","",""
"S","ES2603SES00000001","ES2603INV00000001",715000,"ES",0,0,1,"CONSU-00095","24-9050","undef","","","A","UN",1,"","","",""
"S","ES2603SES00000001","ES2603INV00000001",716000,"ES",0,0,1,"CONSU-00096","24-6566","00001","","","A","UN",1,"","","",""
"S","ES2603SES00000001","ES2603INV00000001",717000,"ES",0,0,1,"CONSU-00097","24-6009","00001","","","A","UN",1,"","","",""
"S","ES2603SES00000001","ES2603INV00000001",718000,"ES",0,0,1,"CONSU-00097","24-9051","undef","","","A","UN",1,"","","",""
"S","ES2603SES00000001","ES2603INV00000001",719000,"ES",0,0,1,"CONSU-00098","20-0584","1","","","A","UN",1,"","","",""
"S","ES2603SES00000001","ES2603INV00000001",720000,"ES",0,0,1,"CONSU-00099","24-3916","00001","","","A","UN",1,"","","",""
"S","ES2603SES00000001","ES2603INV00000001",721000,"ES",0,0,1,"CONSU-00099","24-8177","00001","","","A","UN",1,"","","",""
"S","ES2603SES00000001","ES2603INV00000001",722000,"ES",0,0,1,"CONSU-00100","23-2754","00001","","","A","UN",1,"","","",""
